上市公司代码_Comcd,最新公司全称_Lcomnm,截止日期_Enddt,报表类型_Reporttype,每股净资产(元/股)_NAPS,净资产收益率(摊薄)(%)_ROE,资产报酬率(%)_ROAEBIT,投入资本回报率(%)_ROIC,成本费用利润率(%)_Totprfcostrt,营业利润率(%)_Opeprfrt
C000008,神州高铁技术股份有限公司,2012/3/31,Q1,1.0024,-0.039,-0.0467,-0.0529,-1.4732,-1.4741
C000008,神州高铁技术股份有限公司,2012/6/30,Q2,1.0035,0.0718,-0.135,-0.1529,1.4514,1.4057
C000008,神州高铁技术股份有限公司,2012/9/30,Q3,1.004,0.1165,-0.2264,-0.2564,1.6013,1.5375
C000008,神州高铁技术股份有限公司,2012/12/31,Q4,3.5627,7.235,7.9813,7.2381,18.9612,14.7898
C000008,神州高铁技术股份有限公司,2013/3/31,Q1,3.5888,0.725,0.9141,0.7791,8.3733,7.5342
C000008,神州高铁技术股份有限公司,2013/6/30,Q2,1.8161,1.9125,2.2298,2.0037,10.5146,9.0194
C000008,神州高铁技术股份有限公司,2013/9/30,Q3,1.8374,3.0519,3.6742,3.2219,11.4032,9.6379
C000008,神州高铁技术股份有限公司,2013/12/31,Q4,1.8563,4.0381,4.8876,4.148,11.8436,9.9452
C000008,神州高铁技术股份有限公司,2014/3/31,Q1,1.8721,0.8449,1.0279,0.876,10.1668,7.8702
C000008,神州高铁技术股份有限公司,2014/6/30,Q2,1.8848,1.5088,1.9995,1.5645,9.8403,8.0388
C000008,神州高铁技术股份有限公司,2014/9/30,Q3,1.8885,1.7047,2.58,1.7732,7.9944,6.7223
C000008,神州高铁技术股份有限公司,2014/12/31,Q4,1.8819,1.3595,2.9974,1.4135,6.9923,5.9544
C000008,神州高铁技术股份有限公司,2015/3/31,Q1,3.4555,2.0338,3.2221,3.3026,37.1554,22.5463
C000008,神州高铁技术股份有限公司,2015/6/30,Q2,3.4738,2.5079,4.9137,4.5415,23.327,16.2149
C000008,神州高铁技术股份有限公司,2015/9/30,Q3,1.1692,3.4012,6.5351,6.1352,20.0712,14.5223
C000008,神州高铁技术股份有限公司,2015/12/31,Q4,1.2069,6.3847,10.9867,10.6262,22.006,15.1142
C000008,神州高铁技术股份有限公司,2016/3/31,Q1,2.0297,0.2071,0.3112,0.2602,7.6711,-2.6172
C000008,神州高铁技术股份有限公司,2016/6/30,Q2,2.0415,0.745,1.0157,0.9061,10.1308,5.2722
C000008,神州高铁技术股份有限公司,2016/9/30,Q3,2.1056,3.7354,5.319,4.8877,33.1953,24.5555
C000008,神州高铁技术股份有限公司,2016/12/31,Q4,2.1762,8.537,10.8546,11.0938,45.7652,30.05
C000008,神州高铁技术股份有限公司,2017/3/31,Q1,2.1839,0.1523,0.1762,0.1619,5.7516,-2.7817
C000008,神州高铁技术股份有限公司,2017/6/30,Q2,2.1949,0.9039,1.0099,1.0114,13.8845,10.7234
C000008,神州高铁技术股份有限公司,2017/9/30,Q3,2.2148,1.9528,2.0112,2.0768,18.9553,15.4804
C000008,神州高铁技术股份有限公司,2017/12/31,Q4,2.5212,12.2973,11.0717,12.4031,55.6613,43.7721
C000008,神州高铁技术股份有限公司,2018/3/31,Q1,2.5275,0.1477,0.1653,0.1231,8.22,8.2779
C000008,神州高铁技术股份有限公司,2018/6/30,Q2,2.4974,0.8721,1.0613,0.9864,12.3286,11.7475
C000008,神州高铁技术股份有限公司,2018/9/30,Q3,2.5203,1.7395,2.0959,1.9875,16.5166,13.3182
C000008,神州高铁技术股份有限公司,2018/12/31,Q4,2.5948,4.4448,4.6568,4.6608,22.1236,16.8828
C000008,神州高铁技术股份有限公司,2019/3/31,Q1,2.6342,0.1603,0.2663,0.1782,7.1959,6.0549
C000729,北京燕京啤酒股份有限公司,2012/3/31,Q1,7.45,0.403,0.8002,0.6027,3.8597,2.8135
C000729,北京燕京啤酒股份有限公司,2012/6/30,Q2,3.8,4.7066,4.2184,4.4632,11.9517,9.1451
C000729,北京燕京啤酒股份有限公司,2012/9/30,Q3,3.94,8.1167,7.2268,7.8456,12.493,9.6019
C000729,北京燕京啤酒股份有限公司,2012/12/31,Q4,3.8661,6.3184,5.7255,5.9133,7.7966,5.3178
C000729,北京燕京啤酒股份有限公司,2013/3/31,Q1,3.8794,0.4649,0.6848,0.548,3.8573,2.794
C000729,北京燕京啤酒股份有限公司,2013/6/30,Q2,4.121,4.5561,4.2064,4.6586,12.4104,9.8021
C000729,北京燕京啤酒股份有限公司,2013/9/30,Q3,4.2455,7.4494,7.0391,7.7984,12.953,9.8754
C000729,北京燕京啤酒股份有限公司,2013/12/31,Q4,4.1806,5.7972,6.1352,6.5164,8.8521,6.499
C000729,北京燕京啤酒股份有限公司,2014/3/31,Q1,4.198,0.4276,0.6136,0.4728,4.2246,2.7152
C000729,北京燕京啤酒股份有限公司,2014/6/30,Q2,4.3066,4.8067,4.3123,4.9453,13.0004,8.9692
C000729,北京燕京啤酒股份有限公司,2014/9/30,Q3,4.4268,7.3666,6.7645,7.7852,12.8677,9.2973
C000729,北京燕京啤酒股份有限公司,2014/12/31,Q4,4.3605,5.9269,5.938,6.2136,9.4057,6.7321
C000729,北京燕京啤酒股份有限公司,2015/3/31,Q1,4.3775,0.4313,0.6988,0.5212,4.2951,3.658
C000729,北京燕京啤酒股份有限公司,2015/6/30,Q2,4.5172,4.696,4.3569,4.8473,15.0182,10.8562
C000729,北京燕京啤酒股份有限公司,2015/9/30,Q3,4.5921,6.6244,6.0162,6.9848,12.2978,9.2537
C000729,北京燕京啤酒股份有限公司,2015/12/31,Q4,4.4977,4.6358,4.7719,4.7937,7.8528,4.7158
C000729,北京燕京啤酒股份有限公司,2016/3/31,Q1,4.5144,0.3707,0.6014,0.4386,3.7545,2.8455
C000729,北京燕京啤酒股份有限公司,2016/6/30,Q2,4.658,3.4422,3.5486,3.5837,12.7808,9.5938
C000729,北京燕京啤酒股份有限公司,2016/9/30,Q3,4.6471,4.7204,4.5975,4.981,9.703,7.5505
C000729,北京燕京啤酒股份有限公司,2016/12/31,Q4,4.5378,2.4401,2.9141,2.4198,5.1693,3.0894
C000729,北京燕京啤酒股份有限公司,2017/3/31,Q1,4.5569,0.4182,0.6525,0.4827,4.1389,2.7522
C000729,北京燕京啤酒股份有限公司,2017/6/30,Q2,4.7122,3.7014,3.7953,3.886,13.7448,8.6036
C000729,北京燕京啤酒股份有限公司,2017/9/30,Q3,4.7184,4.5897,4.5161,4.811,9.8034,6.521
C000729,北京燕京啤酒股份有限公司,2017/12/31,Q4,4.5591,1.2556,2.0186,1.3115,3.6237,3.2602
C000729,北京燕京啤酒股份有限公司,2018/3/31,Q1,4.5783,0.4197,0.659,0.4874,4.1261,3.4942
C000729,北京燕京啤酒股份有限公司,2018/6/30,Q2,4.7388,3.7934,3.8112,4.1282,14.1702,11.1691
C000729,北京燕京啤酒股份有限公司,2018/9/30,Q3,4.7554,4.558,4.5297,4.9002,10.146,8.2116
C000729,北京燕京啤酒股份有限公司,2018/12/31,Q4,4.6036,1.3861,2.0494,1.6372,3.9324,3.3813
C000729,北京燕京啤酒股份有限公司,2019/3/31,Q1,4.6245,0.4515,0.7088,0.5188,4.309,3.6955
C000786,北新集团建材股份有限公司,2012/3/31,Q1,5.325,1.529,1.2675,1.8815,6.526,6.0821
C000786,北新集团建材股份有限公司,2012/6/30,Q2,5.358,7.5513,4.9477,7.2222,13.7215,11.5449
C000786,北新集团建材股份有限公司,2012/9/30,Q3,5.716,13.3376,9.0493,13.1038,16.1917,13.4937
C000786,北新集团建材股份有限公司,2012/12/31,Q4,6.1331,19.1858,13.3084,19.204,18.5092,14.9424
C000786,北新集团建材股份有限公司,2013/3/31,Q1,6.2524,1.9086,1.703,2.2458,10.7899,9.553
C000786,北新集团建材股份有限公司,2013/6/30,Q2,6.355,8.491,6.0794,7.729,18.8707,15.0658
C000786,北新集团建材股份有限公司,2013/9/30,Q3,6.8016,14.4999,10.5516,13.8671,20.8273,16.7161
C000786,北新集团建材股份有限公司,2013/12/31,Q4,7.3898,21.3049,16.0285,21.084,23.4657,17.836
C000786,北新集团建材股份有限公司,2014/3/31,Q1,7.5457,2.0665,1.9001,2.3266,11.8627,10.4726
C000786,北新集团建材股份有限公司,2014/6/30,Q2,7.6871,9.4619,6.7632,8.6785,21.0049,16.5214
C000786,北新集团建材股份有限公司,2014/9/30,Q3,9.6399,10.4592,10.4372,13.0325,21.8222,17.135
C000786,北新集团建材股份有限公司,2014/12/31,Q4,10.1957,15.3359,15.3247,19.1997,24.4417,17.945
C000786,北新集团建材股份有限公司,2015/3/31,Q1,10.3096,1.1052,1.279,1.4256,11.1531,11.2848
C000786,北新集团建材股份有限公司,2015/6/30,Q2,5.1559,5.2486,4.9661,5.8933,20.1695,16.6771
C000786,北新集团建材股份有限公司,2015/9/30,Q3,5.326,8.2734,8.0897,9.5344,21.6514,18.1605
C000786,北新集团建材股份有限公司,2015/12/31,Q4,5.5171,11.4969,11.3674,13.459,22.8583,19.1218
C000786,北新集团建材股份有限公司,2016/3/31,Q1,5.5884,1.2753,1.4405,1.5375,13.9921,14.0245
C000786,北新集团建材股份有限公司,2016/6/30,Q2,5.667,5.7338,5.5159,6.3346,24.6104,20.262
C000786,北新集团建材股份有限公司,2016/9/30,Q3,5.8953,9.3845,9.1718,10.4601,26.2769,21.2518
C000786,北新集团建材股份有限公司,2016/12/31,Q4,5.8011,11.2866,12.5077,13.5222,26.0196,20.5412
C000786,北新集团建材股份有限公司,2017/3/31,Q1,5.8848,1.422,1.3369,1.3204,11.258,11.9657
C000786,北新集团建材股份有限公司,2017/6/30,Q2,6.0126,6.3449,5.5098,5.6013,21.0131,18.5638
C000786,北新集团建材股份有限公司,2017/9/30,Q3,6.5059,13.4462,12.045,12.2896,29.009,22.5924
C000786,北新集团建材股份有限公司,2017/12/31,Q4,6.9415,18.8796,18.2476,18.2236,32.7113,24.5501
C000786,北新集团建材股份有限公司,2018/3/31,Q1,7.2157,3.8004,3.5932,3.597,29.5989,22.8666
C000786,北新集团建材股份有限公司,2018/6/30,Q2,7.7627,9.9019,9.1904,9.2308,33.3083,25.0042
C000786,北新集团建材股份有限公司,2018/9/30,Q3,8.2037,14.7403,14.1432,14.3072,34.5346,24.9797
C000786,北新集团建材股份有限公司,2018/12/31,Q4,8.4539,17.2653,16.7374,16.8258,30.829,24.1135
C000786,北新集团建材股份有限公司,2019/3/31,Q1,8.6498,2.2447,2.1364,2.1402,19.1047,16.1628
C000860,北京顺鑫农业股份有限公司,2012/3/31,Q1,6.7,2.8055,1.5504,1.4057,5.0903,4.5454
C000860,北京顺鑫农业股份有限公司,2012/6/30,Q2,6.56,3.8027,2.6178,2.1351,4.0988,3.6827
C000860,北京顺鑫农业股份有限公司,2012/9/30,Q3,6.56,3.8444,3.1668,2.539,3.1355,2.8374
C000860,北京顺鑫农业股份有限公司,2012/12/31,Q4,6.58,4.3604,3.6619,3.0575,2.7007,2.4575
C000860,北京顺鑫农业股份有限公司,2013/3/31,Q1,6.816,3.4631,1.3515,1.4568,6.5206,5.392
C000860,北京顺鑫农业股份有限公司,2013/6/30,Q2,6.8859,4.8064,2.0929,2.1589,4.9445,4.2512
C000860,北京顺鑫农业股份有限公司,2013/9/30,Q3,6.9174,5.2396,2.5443,2.4559,4.1935,3.6425
C000860,北京顺鑫农业股份有限公司,2013/12/31,Q4,6.981,6.4563,3.3584,3.1163,3.7918,3.3423
C000860,北京顺鑫农业股份有限公司,2014/3/31,Q1,7.2933,5.6532,1.9811,1.9826,9.5415,7.744
C000860,北京顺鑫农业股份有限公司,2014/6/30,Q2,8.7033,4.9577,2.7659,2.6541,7.2622,6.1394
C000860,北京顺鑫农业股份有限公司,2014/9/30,Q3,8.7668,5.646,3.6977,3.4737,7.1257,5.9491
C000860,北京顺鑫农业股份有限公司,2014/12/31,Q4,8.9017,7.0765,4.6867,4.3123,6.7563,5.6753
C000860,北京顺鑫农业股份有限公司,2015/3/31,Q1,9.2383,3.6429,1.9708,1.894,10.2284,8.3635
C000860,北京顺鑫农业股份有限公司,2015/6/30,Q2,9.2353,4.6947,2.7371,2.4461,7.6921,6.4467
C000860,北京顺鑫农业股份有限公司,2015/9/30,Q3,9.3064,5.4227,3.4333,3.1415,6.8846,5.7666
C000860,北京顺鑫农业股份有限公司,2015/12/31,Q4,9.4612,6.97,4.5336,4.2846,7.0013,5.7837
C000860,北京顺鑫农业股份有限公司,2016/3/31,Q1,9.7684,3.1452,1.8686,2.0121,8.1549,6.674
C000860,北京顺鑫农业股份有限公司,2016/6/30,Q2,9.7654,4.1396,2.8607,2.8498,6.4492,5.4229
C000860,北京顺鑫农业股份有限公司,2016/9/30,Q3,9.7943,3.7457,3.4503,3.4342,5.0678,4.3452
C000860,北京顺鑫农业股份有限公司,2016/12/31,Q4,10.0687,6.1166,4.5966,5.0571,5.6935,4.8958
C000860,北京顺鑫农业股份有限公司,2017/3/31,Q1,10.3817,2.7147,1.608,1.7314,7.6837,6.4368
C000860,北京顺鑫农业股份有限公司,2017/6/30,Q2,10.3642,3.5379,2.4147,2.3682,6.2239,5.2912
C000860,北京顺鑫农业股份有限公司,2017/9/30,Q3,10.3947,3.9273,2.8213,2.6977,5.112,4.3751
C000860,北京顺鑫农业股份有限公司,2017/12/31,Q4,10.6704,6.1843,4.2945,4.0914,6.4604,5.4341
C000860,北京顺鑫农业股份有限公司,2018/3/31,Q1,11.2951,4.9133,2.9544,2.9492,16.9804,12.5361
C000860,北京顺鑫农业股份有限公司,2018/6/30,Q2,11.3308,6.4475,3.9804,3.9273,11.3539,9.0167
C000860,北京顺鑫农业股份有限公司,2018/9/30,Q3,11.4104,7.1409,4.6815,4.3944,9.9854,7.9579
C000860,北京顺鑫农业股份有限公司,2018/12/31,Q4,11.7582,9.6543,6.2245,6.4112,11.3943,8.8025
C000860,北京顺鑫农业股份有限公司,2019/3/31,Q1,12.5093,6.0045,3.195,3.6411,16.6909,12.7991
C000931,北京中关村科技发展(控股)股份有限公司,2012/3/31,Q1,1.07,-1.5354,0.2798,2.4109,-1.119,-1.239
C000931,北京中关村科技发展(控股)股份有限公司,2012/6/30,Q2,1.1702,7.07,2.73,7.4378,5.9495,5.6483
C000931,北京中关村科技发展(控股)股份有限公司,2012/9/30,Q3,1.1695,6.4408,3.1308,7.9315,4.0887,3.893
C000931,北京中关村科技发展(控股)股份有限公司,2012/12/31,Q4,1.1279,3.9268,3.4542,5.6185,2.1333,1.9715
C000931,北京中关村科技发展(控股)股份有限公司,2013/3/31,Q1,1.1125,-1.3628,0.253,0.88,-2.0951,-2.2131
C000931,北京中关村科技发展(控股)股份有限公司,2013/6/30,Q2,1.087,-3.5788,0.5155,2.8241,-1.1543,-1.0945
C000931,北京中关村科技发展(控股)股份有限公司,2013/9/30,Q3,1.1017,-2.2828,1.4276,-23.8772,0.1683,0.1907
C000931,北京中关村科技发展(控股)股份有限公司,2013/12/31,Q4,0.8345,-34.9676,-2.3229,-9.8056,-4.9389,-4.8987
C000931,北京中关村科技发展(控股)股份有限公司,2014/3/31,Q1,0.7977,-4.7536,-0.1443,-0.5988,-4.0434,-4.2483
C000931,北京中关村科技发展(控股)股份有限公司,2014/6/30,Q2,0.8566,-7.3167,0.1171,0.519,-3.1941,-3.9542
C000931,北京中关村科技发展(控股)股份有限公司,2014/9/30,Q3,0.8792,-4.9879,0.914,5.9671,-0.9788,-1.9524
C000931,北京中关村科技发展(控股)股份有限公司,2014/12/31,Q4,0.9309,2.1889,3.2238,3.4193,1.3254,1.33
C000931,北京中关村科技发展(控股)股份有限公司,2015/3/31,Q1,0.911,-3.1346,-0.0198,-0.0444,-13.0105,-14.8642
C000931,北京中关村科技发展(控股)股份有限公司,2015/6/30,Q2,1.1531,19.233,7.7154,16.1462,37.046,43.0576
C000931,北京中关村科技发展(控股)股份有限公司,2015/9/30,Q3,1.1726,20.6202,8.9126,18.3615,24.8089,27.3692
C000931,北京中关村科技发展(控股)股份有限公司,2015/12/31,Q4,1.1717,19.2721,8.9043,17.4083,15.7911,16.9067
C000931,北京中关村科技发展(控股)股份有限公司,2016/3/31,Q1,1.1476,-2.0533,0.284,0.6405,-4.9929,-5.6358
C000931,北京中关村科技发展(控股)股份有限公司,2016/6/30,Q2,1.2337,-1.6205,1.5224,-18.8368,0.1722,-2.9737
C000931,北京中关村科技发展(控股)股份有限公司,2016/9/30,Q3,1.2621,0.6626,2.9636,3.8594,2.6961,0.5144
C000931,北京中关村科技发展(控股)股份有限公司,2016/12/31,Q4,1.3065,3.103,4.9938,6.6583,4.6944,2.4153
C000931,北京中关村科技发展(控股)股份有限公司,2017/3/31,Q1,2.0583,-2.0254,-0.351,-0.6173,-10.1467,-11.6351
C000931,北京中关村科技发展(控股)股份有限公司,2017/6/30,Q2,2.0135,-4.288,-0.5462,-1.0282,-7.6178,-9.3942
C000931,北京中关村科技发展(控股)股份有限公司,2017/9/30,Q3,2.061,-1.8881,1.3983,17.5963,-0.1444,-1.0684
C000931,北京中关村科技发展(控股)股份有限公司,2017/12/31,Q4,2.1159,0.895,3.6264,3.9938,4.0685,3.1782
C000931,北京中关村科技发展(控股)股份有限公司,2018/3/31,Q1,2.1265,0.5032,0.7325,0.9538,4.7265,0.5591
C000931,北京中关村科技发展(控股)股份有限公司,2018/6/30,Q2,2.1749,2.7191,2.6033,3.4599,10.3583,6.169
C000931,北京中关村科技发展(控股)股份有限公司,2018/9/30,Q3,2.2462,5.8081,4.736,6.4881,12.0354,8.7341
C000931,北京中关村科技发展(控股)股份有限公司,2018/12/31,Q4,2.2426,5.5145,5.6323,6.5135,9.5212,5.4353
C000931,北京中关村科技发展(控股)股份有限公司,2019/3/31,Q1,2.2613,0.8184,1.0909,1.2581,6.7864,5.4238
C000938,紫光股份有限公司,2012/3/31,Q1,3.915,1.4602,1.2215,1.9344,1.3591,1.3311
C000938,紫光股份有限公司,2012/6/30,Q2,4.33,2.02,2.1355,3.374,0.9207,0.8553
C000938,紫光股份有限公司,2012/9/30,Q3,4.441,5.0638,3.9023,7.0677,1.4505,1.3912
C000938,紫光股份有限公司,2012/12/31,Q4,4.5845,7.6542,6.154,10.862,1.8054,1.7124
C000938,紫光股份有限公司,2013/3/31,Q1,4.6464,1.4832,1.0647,1.9313,1.2485,1.2346
C000938,紫光股份有限公司,2013/6/30,Q2,4.5804,2.7408,2.1239,3.5843,1.0793,1.0644
C000938,紫光股份有限公司,2013/9/30,Q3,4.7623,6.124,4.4627,8.4163,1.6849,1.6558
C000938,紫光股份有限公司,2013/12/31,Q4,4.9545,9.8866,7.7166,15.6,2.133,1.9772
C000938,紫光股份有限公司,2014/3/31,Q1,5.0709,1.6873,1.5171,2.7456,1.6946,1.6529
C000938,紫光股份有限公司,2014/6/30,Q2,7.9819,2.4342,2.6561,4.3055,1.5375,1.5088
C000938,紫光股份有限公司,2014/9/30,Q3,8.2798,4.4597,4.6733,8.0645,1.7627,1.6703
C000938,紫光股份有限公司,2014/12/31,Q4,8.6346,7.0709,7.3532,13.8055,2.032,1.8295
C000938,紫光股份有限公司,2015/3/31,Q1,12.0057,1.2623,1.1893,1.7908,1.8535,1.8197
C000938,紫光股份有限公司,2015/6/30,Q2,10.9749,4.1833,3.4714,5.8301,2.5444,2.3913
C000938,紫光股份有限公司,2015/9/30,Q3,9.8553,5.7262,4.5472,7.722,2.0497,1.9395
C000938,紫光股份有限公司,2015/12/31,Q4,11.5708,6.381,6.0607,10.739,2.0344,1.9116
C000938,紫光股份有限公司,2016/3/31,Q1,9.6132,2.002,1.0026,1.788,1.7342,1.6443
C000938,紫光股份有限公司,2016/6/30,Q2,22.6048,1.126,1.2606,2.9242,2.9679,2.125
C000938,紫光股份有限公司,2016/9/30,Q3,22.8677,2.1805,3.6064,6.0002,4.1871,3.1034
C000938,紫光股份有限公司,2016/12/31,Q4,22.8385,3.423,5.2201,8.8539,4.2668,3.2189
C000938,紫光股份有限公司,2017/3/31,Q1,23.0926,1.3129,1.9087,2.2931,9.2719,6.0089
C000938,紫光股份有限公司,2017/6/30,Q2,23.3736,3.3104,3.8669,5.2588,9.357,7.4783
C000938,紫光股份有限公司,2017/9/30,Q3,23.6806,4.5625,5.8887,7.7552,8.6711,7.009
C000938,紫光股份有限公司,2017/12/31,Q4,24.1265,6.2648,7.5915,10.0638,8.1134,7.3799
C000938,紫光股份有限公司,2018/3/31,Q1,24.3867,0.9781,1.2993,1.5708,5.564,5.1858
C000938,紫光股份有限公司,2018/6/30,Q2,24.5919,2.8604,3.437,4.5272,6.9948,6.5391
C000938,紫光股份有限公司,2018/9/30,Q3,17.8436,4.4636,5.9649,7.6621,8.0151,6.9235
C000938,紫光股份有限公司,2018/12/31,Q4,18.2012,6.4148,7.1571,10.2051,7.5748,6.5106
C000938,紫光股份有限公司,2019/3/31,Q1,18.4577,1.4008,1.6368,2.0224,7.2593,6.3063
C000959,北京首钢股份有限公司,2012/3/31,Q1,2.51,-2.025,-0.915,-1.1915,-6.5973,-7.1047
C000959,北京首钢股份有限公司,2012/6/30,Q2,2.44,-4.8212,-2.2238,-2.8974,-7.7579,-8.436
C000959,北京首钢股份有限公司,2012/9/30,Q3,2.46,-4.2236,-2.0201,-2.6149,-5.6667,-6.2855
C000959,北京首钢股份有限公司,2012/12/31,Q4,2.4756,-4.8624,-1.9875,-2.597,-4.9293,-5.415
C000959,北京首钢股份有限公司,2013/3/31,Q1,2.4219,-2.2305,-0.8782,-1.1518,-6.354,-6.8008
C000959,北京首钢股份有限公司,2013/6/30,Q2,2.3852,-3.8009,-1.39,-1.8133,-6.0943,-6.5662
C000959,北京首钢股份有限公司,2013/9/30,Q3,2.3456,-5.617,-2.1516,-2.8193,-6.5087,-7.0556
C000959,北京首钢股份有限公司,2013/12/31,Q4,2.3982,-3.2202,-0.8227,-1.2298,-3.4677,-3.7958
C000959,北京首钢股份有限公司,2014/3/31,Q1,7.0072,0.0231,0.192,-0.4646,0.1344,0.0797
C000959,北京首钢股份有限公司,2014/6/30,Q2,3.9309,0.045,0.7708,1.5036,-0.2678,-0.3097
C000959,北京首钢股份有限公司,2014/9/30,Q3,4.0256,0.0507,0.4934,1.7025,-0.1679,-0.2217
C000959,北京首钢股份有限公司,2014/12/31,Q4,4.4521,0.266,1.3872,0.7631,-0.3989,-0.46
C000959,北京首钢股份有限公司,2015/3/31,Q1,4.4195,-1.3546,-0.3842,-0.699,-6.8283,-7.3428
C000959,北京首钢股份有限公司,2015/6/30,Q2,4.5265,-0.9309,0.0052,0.0088,-3.7664,-4.0219
C000959,北京首钢股份有限公司,2015/9/30,Q3,4.2634,-2.5152,-0.8833,-1.5672,-5.806,-6.2662
C000959,北京首钢股份有限公司,2015/12/31,Q4,4.4063,-4.8769,-1.1692,-1.8849,-8.2978,-9.0946
C000959,北京首钢股份有限公司,2016/3/31,Q1,4.1592,-2.1924,-0.4069,-0.6723,-14.1945,-16.8682
C000959,北京首钢股份有限公司,2016/6/30,Q2,4.1136,0.0756,1.1734,0.7962,0.4479,0.2038
C000959,北京首钢股份有限公司,2016/9/30,Q3,4.646,0.5568,1.33,1.7655,0.8947,0.7058
C000959,北京首钢股份有限公司,2016/12/31,Q4,4.6095,1.6445,2.546,3.2327,1.4695,1.3075
C000959,北京首钢股份有限公司,2017/3/31,Q1,5.0467,1.8603,0.9952,1.597,5.5255,5.1182
C000959,北京首钢股份有限公司,2017/6/30,Q2,4.9487,3.6251,2.1225,3.1235,5.3524,5.1283
C000959,北京首钢股份有限公司,2017/9/30,Q3,4.8315,6.8963,3.2943,4.7537,6.7046,6.2918
C000959,北京首钢股份有限公司,2017/12/31,Q4,4.9948,8.3674,4.6071,6.9639,5.914,5.5593
C000959,北京首钢股份有限公司,2018/3/31,Q1,5.1301,1.8594,0.9271,1.4744,4.8965,4.5724
C000959,北京首钢股份有限公司,2018/6/30,Q2,5.0302,5.3539,2.4638,3.6954,7.0399,6.5145
C000959,北京首钢股份有限公司,2018/9/30,Q3,4.9296,8.2104,3.7082,5.3465,7.3158,6.7587
C000959,北京首钢股份有限公司,2018/12/31,Q4,4.7922,9.4831,4.0777,7.0311,5.1171,4.7801
C000959,北京首钢股份有限公司,2019/3/31,Q1,4.9206,1.0536,0.7292,0.9964,3.0256,2.9285
C000969,安泰科技股份有限公司,2012/3/31,Q1,3.89,1.2354,1.0877,1.392,6.4219,5.814
C000969,安泰科技股份有限公司,2012/6/30,Q2,3.86,2.758,2.3822,3.2208,6.5003,5.6068
C000969,安泰科技股份有限公司,2012/9/30,Q3,3.92,4.1004,3.2659,4.2581,6.626,5.8322
C000969,安泰科技股份有限公司,2012/12/31,Q4,3.8459,2.2751,2.6569,3.0259,3.6074,2.4937
C000969,安泰科技股份有限公司,2013/3/31,Q1,3.8681,0.5726,0.5316,0.6314,2.6287,2.0775
C000969,安泰科技股份有限公司,2013/6/30,Q2,3.7632,0.9915,0.9867,1.1735,2.1184,1.7956
C000969,安泰科技股份有限公司,2013/9/30,Q3,3.776,1.3253,1.4244,1.6626,1.9014,1.6273
C000969,安泰科技股份有限公司,2013/12/31,Q4,3.7972,1.9218,1.8881,2.4393,2.1017,1.5996
C000969,安泰科技股份有限公司,2014/3/31,Q1,3.8047,0.1988,0.3956,0.4821,1.1426,0.9996
C000969,安泰科技股份有限公司,2014/6/30,Q2,3.793,0.3914,0.8063,1.0818,1.3432,1.1359
C000969,安泰科技股份有限公司,2014/9/30,Q3,3.7832,0.1826,1.1111,1.2908,1.0716,0.9162
C000969,安泰科技股份有限公司,2014/12/31,Q4,3.5594,-6.1833,-1.4779,-2.5263,-4.3328,-4.5418
C000969,安泰科技股份有限公司,2015/3/31,Q1,3.6151,0.1509,0.4266,0.4984,1.1377,0.7703
C000969,安泰科技股份有限公司,2015/6/30,Q2,3.6546,0.4496,0.9909,1.3458,1.681,1.3004
C000969,安泰科技股份有限公司,2015/9/30,Q3,3.6643,2.6652,2.2571,3.5357,3.8188,3.4176
C000969,安泰科技股份有限公司,2015/12/31,Q4,3.7393,2.7149,2.5912,4.0606,3.1394,2.6821
C000969,安泰科技股份有限公司,2016/3/31,Q1,4.263,0.372,0.61,0.76,3.4056,2.8995
C000969,安泰科技股份有限公司,2016/6/30,Q2,4.4183,0.2862,1.1433,1.2855,3.1789,2.7619
C000969,安泰科技股份有限公司,2016/9/30,Q3,4.5093,1.5211,2.1045,2.619,4.5738,4.1557
C000969,安泰科技股份有限公司,2016/12/31,Q4,4.4317,1.7382,2.2986,2.9084,3.209,2.8175
C000969,安泰科技股份有限公司,2017/3/31,Q1,4.4493,0.2625,0.3171,0.1376,1.2883,1.0889
C000969,安泰科技股份有限公司,2017/6/30,Q2,4.4287,0.4478,0.7435,0.3532,1.7219,1.465
C000969,安泰科技股份有限公司,2017/9/30,Q3,4.4698,1.3279,1.4662,1.3826,2.6086,2.3822
C000969,安泰科技股份有限公司,2017/12/31,Q4,4.4539,1.2948,1.7903,1.2681,2.2921,0.4205
C000969,安泰科技股份有限公司,2018/3/31,Q1,4.4574,0.2119,0.3991,0.1892,1.188,1.1681
C000969,安泰科技股份有限公司,2018/6/30,Q2,4.3923,-0.2141,0.4194,-6.1811,0.0589,0.0479
C000969,安泰科技股份有限公司,2018/9/30,Q3,4.3257,-1.8123,-0.0037,-0.0076,-1.8569,-1.8401
C000969,安泰科技股份有限公司,2018/12/31,Q4,4.1615,-5.0976,-2.3589,-3.8701,-6.6054,-4.1113
C000969,安泰科技股份有限公司,2019/3/31,Q1,4.215,1.2642,0.8767,1.2893,5.5086,5.214
C000970,北京中科三环高技术股份有限公司,2012/3/31,Q1,4.75,10.1941,7.6887,8.2027,36.8511,26.7893
C000970,北京中科三环高技术股份有限公司,2012/6/30,Q2,6.02,14.3694,13.356,15.3191,31.3859,24.2002
C000970,北京中科三环高技术股份有限公司,2012/9/30,Q3,6.02,17.7131,16.7823,19.4791,27.1507,21.2726
C000970,北京中科三环高技术股份有限公司,2012/12/31,Q4,6.1747,19.7171,19.7555,22.7979,24.5802,18.7522
C000970,北京中科三环高技术股份有限公司,2013/3/31,Q1,6.4119,3.7,3.7086,4.3425,28.7577,20.9011
C000970,北京中科三环高技术股份有限公司,2013/6/30,Q2,3.1563,5.3573,5.2945,6.0317,18.029,13.3471
C000970,北京中科三环高技术股份有限公司,2013/9/30,Q3,3.2352,7.6639,7.9874,9.2936,16.9279,13.2276
C000970,北京中科三环高技术股份有限公司,2013/12/31,Q4,3.3057,9.6835,9.2545,11.0661,15.2989,12.3454
C000970,北京中科三环高技术股份有限公司,2014/3/31,Q1,3.3698,1.9015,1.7173,2.0333,11.7896,10.3021
C000970,北京中科三环高技术股份有限公司,2014/6/30,Q2,3.3577,4.5275,4.2128,4.8742,13.2615,11.0537
C000970,北京中科三环高技术股份有限公司,2014/9/30,Q3,3.424,6.3759,6.1253,7.0824,12.672,10.7685
C000970,北京中科三环高技术股份有限公司,2014/12/31,Q4,3.4837,7.9786,8.0336,9.1343,12.4393,10.5885
C000970,北京中科三环高技术股份有限公司,2015/3/31,Q1,3.5413,1.629,1.6403,1.6701,13.2216,11.6273
C000970,北京中科三环高技术股份有限公司,2015/6/30,Q2,3.5225,3.5158,3.8497,3.8191,13.6488,10.7645
C000970,北京中科三环高技术股份有限公司,2015/9/30,Q3,3.5722,4.8577,5.1273,5.1478,12.8975,10.5046
C000970,北京中科三环高技术股份有限公司,2015/12/31,Q4,3.6566,7.0543,8.058,8.0984,14.5648,11.7671
C000970,北京中科三环高技术股份有限公司,2016/3/31,Q1,3.7153,1.5812,1.8487,1.8858,14.0216,12.1796
C000970,北京中科三环高技术股份有限公司,2016/6/30,Q2,3.7149,3.8574,4.3529,4.4508,16.4643,13.4497
C000970,北京中科三环高技术股份有限公司,2016/9/30,Q3,3.7889,5.7355,6.2018,6.3666,16.4851,13.5749
C000970,北京中科三环高技术股份有限公司,2016/12/31,Q4,3.8686,7.6828,9.191,9.1683,16.8883,14.035
C000970,北京中科三环高技术股份有限公司,2017/3/31,Q1,3.9368,1.7334,2.0835,2.1447,16.245,12.6586
C000970,北京中科三环高技术股份有限公司,2017/6/30,Q2,3.9123,3.6745,4.1106,4.2417,15.3166,13.3853
C000970,北京中科三环高技术股份有限公司,2017/9/30,Q3,3.9575,4.7745,6.1516,6.2984,12.5402,11.2351
C000970,北京中科三环高技术股份有限公司,2017/12/31,Q4,4.0381,6.5621,7.2487,7.6599,12.2535,10.936
C000970,北京中科三环高技术股份有限公司,2018/3/31,Q1,4.0777,0.9714,1.8451,1.7904,8.4154,7.7264
C000970,北京中科三环高技术股份有限公司,2018/6/30,Q2,4.0535,2.6004,3.2001,3.1168,11.2139,10.0364
C000970,北京中科三环高技术股份有限公司,2018/9/30,Q3,4.1243,4.2728,4.5889,4.5328,12.3169,10.6095
C000970,北京中科三环高技术股份有限公司,2018/12/31,Q4,4.1812,5.5748,5.6165,5.6443,10.88,9.6149
C000970,北京中科三环高技术股份有限公司,2019/3/31,Q1,4.237,0.9798,1.4196,1.4513,8.0565,7.4263
C002038,北京双鹭药业股份有限公司,2012/3/31,Q1,4.53,5.6917,6.1722,5.6442,212.8022,68.1935
C002038,北京双鹭药业股份有限公司,2012/6/30,Q2,4.88,12.0048,13.6193,12.6046,172.6532,64.5945
C002038,北京双鹭药业股份有限公司,2012/9/30,Q3,5.0168,18.2962,20.9866,19.459,168.9509,63.662
C002038,北京双鹭药业股份有限公司,2012/12/31,Q4,5.3589,23.5776,27.7729,25.6651,120.4432,55.1222
C002038,北京双鹭药业股份有限公司,2013/3/31,Q1,5.6532,5.9954,6.5065,6.0017,168.8308,62.3506
C002038,北京双鹭药业股份有限公司,2013/6/30,Q2,4.9005,13.0302,14.4889,13.2595,143.8283,58.9336
C002038,北京双鹭药业股份有限公司,2013/9/30,Q3,5.2695,18.3043,21.1933,19.377,146.0813,59.4449
C002038,北京双鹭药业股份有限公司,2013/12/31,Q4,5.6161,22.5048,26.8143,24.3648,127.7406,56.347
C002038,北京双鹭药业股份有限公司,2014/3/31,Q1,5.9836,6.1761,6.874,6.2774,184.8058,65.1173
C002038,北京双鹭药业股份有限公司,2014/6/30,Q2,6.3997,12.22,14.0418,12.8562,207.2936,67.6434
C002038,北京双鹭药业股份有限公司,2014/9/30,Q3,6.553,17.7338,20.6413,18.8156,189.4643,65.506
C002038,北京双鹭药业股份有限公司,2014/12/31,Q4,6.8907,22.0805,26.2213,23.8867,168.4575,62.7922
C002038,北京双鹭药业股份有限公司,2015/3/31,Q1,7.3202,5.3553,5.8004,5.3546,216.7978,73.0823
C002038,北京双鹭药业股份有限公司,2015/6/30,Q2,7.6558,10.8393,12.2748,11.1936,218.6892,79.8772
C002038,北京双鹭药业股份有限公司,2015/9/30,Q3,5.0806,14.8281,16.6164,15.2317,188.0422,70.4772
C002038,北京双鹭药业股份有限公司,2015/12/31,Q4,5.2239,16.0725,18.3456,16.6716,122.479,56.7911
C002038,北京双鹭药业股份有限公司,2016/3/31,Q1,5.4357,4.0048,4.1402,3.7941,196.13,63.9403
C002038,北京双鹭药业股份有限公司,2016/6/30,Q2,5.5842,6.6295,7.2684,6.5638,156.1179,60.2124
C002038,北京双鹭药业股份有限公司,2016/9/30,Q3,5.5542,9.3852,10.4455,9.3439,137.3808,58.0521
C002038,北京双鹭药业股份有限公司,2016/12/31,Q4,5.6892,11.6029,12.9901,11.5642,102.2174,50.2236
C002038,北京双鹭药业股份有限公司,2017/3/31,Q1,5.8778,3.1573,3.3098,3.0255,134.4767,61.1614
C002038,北京双鹭药业股份有限公司,2017/6/30,Q2,6.032,5.6342,6.0262,5.4816,108.1414,54.2618
C002038,北京双鹭药业股份有限公司,2017/9/30,Q3,6.0409,9.4413,10.1827,9.2187,108.9482,55.9813
C002038,北京双鹭药业股份有限公司,2017/12/31,Q4,6.2354,12.494,13.9464,12.5687,75.1822,50.0471
C002038,北京双鹭药业股份有限公司,2018/3/31,Q1,6.4972,4.0981,4.3736,4.0741,89.7814,47.3218
C002038,北京双鹭药业股份有限公司,2018/6/30,Q2,6.243,8.1897,8.5242,7.9469,69.7855,40.8124
C002038,北京双鹭药业股份有限公司,2018/9/30,Q3,6.5122,11.9266,12.5542,11.7846,68.5645,38.8512
C002038,北京双鹭药业股份有限公司,2018/12/31,Q4,6.5672,12.705,13.5965,12.453,48.1712,31.4485
C002038,北京双鹭药业股份有限公司,2019/3/31,Q1,6.8883,4.2511,4.2695,4.1577,97.2252,48.3062
C002066,瑞泰科技股份有限公司,2012/3/31,Q1,5.33,1.4654,1.4601,1.9009,5.3763,3.2074
C002066,瑞泰科技股份有限公司,2012/6/30,Q2,2.58,1.0623,2.1684,2.5716,3.0007,1.7571
C002066,瑞泰科技股份有限公司,2012/9/30,Q3,2.57,0.788,3.0174,3.2201,2.5718,0.866
C002066,瑞泰科技股份有限公司,2012/12/31,Q4,2.5664,0.58,4.1264,3.7331,2.1177,0.3446
C002066,瑞泰科技股份有限公司,2013/3/31,Q1,2.5756,0.3574,1.128,1.2917,3.8,2.556
C002066,瑞泰科技股份有限公司,2013/6/30,Q2,2.4369,-3.2615,1.2483,-41.5802,0.0289,-0.6104
C002066,瑞泰科技股份有限公司,2013/9/30,Q3,2.3202,-8.4544,1.5885,4.2481,-1.194,-2.0564
C002066,瑞泰科技股份有限公司,2013/12/31,Q4,1.9179,-30.5455,-0.1364,-0.282,-4.6392,-5.4372
C002066,瑞泰科技股份有限公司,2014/3/31,Q1,1.9408,1.1819,1.3193,1.8623,3.4362,3.0042
C002066,瑞泰科技股份有限公司,2014/6/30,Q2,1.9505,1.6701,2.3827,3.4698,3.0821,2.3603
C002066,瑞泰科技股份有限公司,2014/9/30,Q3,1.9531,1.8018,3.8012,5.0872,2.9353,1.9112
C002066,瑞泰科技股份有限公司,2014/12/31,Q4,1.9469,1.4884,5.2047,6.8449,3.2668,1.876
C002066,瑞泰科技股份有限公司,2015/3/31,Q1,1.9653,0.9407,1.2577,1.7551,3.6155,3.0676
C002066,瑞泰科技股份有限公司,2015/6/30,Q2,1.9638,0.8618,2.1886,3.2413,2.992,1.9016
C002066,瑞泰科技股份有限公司,2015/9/30,Q3,1.8832,-3.3798,2.6876,2.7668,1.4147,0.4371
C002066,瑞泰科技股份有限公司,2015/12/31,Q4,1.6007,-21.6246,1.5799,3.3078,-2.4723,-3.8314
C002066,瑞泰科技股份有限公司,2016/3/31,Q1,1.6213,1.2716,0.9831,1.2606,2.5587,1.4837
C002066,瑞泰科技股份有限公司,2016/6/30,Q2,1.6228,1.3639,1.7039,1.7277,1.9778,0.2603
C002066,瑞泰科技股份有限公司,2016/9/30,Q3,1.7193,6.8995,3.1799,4.2628,3.2636,-0.9752
C002066,瑞泰科技股份有限公司,2016/12/31,Q4,1.71,6.3894,3.2478,3.8022,1.5476,-2.2871
C002066,瑞泰科技股份有限公司,2017/3/31,Q1,1.7331,1.3347,1.2101,1.6765,4.1711,3.1053
C002066,瑞泰科技股份有限公司,2017/6/30,Q2,1.7336,1.3644,1.9792,2.7692,3.2501,2.8231
C002066,瑞泰科技股份有限公司,2017/9/30,Q3,1.7424,1.8621,3.3469,4.7745,3.1431,2.8033
C002066,瑞泰科技股份有限公司,2017/12/31,Q4,1.7689,3.7136,4.32,6.0666,2.6272,1.8464
C002066,瑞泰科技股份有限公司,2018/3/31,Q1,1.7947,1.4344,1.2602,1.9783,2.6778,2.3996
C002066,瑞泰科技股份有限公司,2018/6/30,Q2,1.8148,1.5075,2.2525,3.2057,2.1976,1.763
C002066,瑞泰科技股份有限公司,2018/9/30,Q3,1.8227,1.9363,3.6245,5.4654,2.2684,1.7473
C002066,瑞泰科技股份有限公司,2018/12/31,Q4,1.8438,4.0585,4.9032,7.7371,2.5976,2.1997
C002066,瑞泰科技股份有限公司,2019/3/31,Q1,1.8744,1.6333,1.3183,2.3811,2.456,2.0412
C002151,北京北斗星通导航技术股份有限公司,2012/3/31,Q1,4.15,-2.284,-0.8226,-1.4162,-13.5005,-16.4169
C002151,北京北斗星通导航技术股份有限公司,2012/6/30,Q2,3.46,0.2824,1.6962,1.612,6.2679,-1.1094
C002151,北京北斗星通导航技术股份有限公司,2012/9/30,Q3,3.62,4.4062,4.7659,5.5123,13.8178,0.2341
C002151,北京北斗星通导航技术股份有限公司,2012/12/31,Q4,3.711,6.846,6.665,7.8086,13.8452,3.2948
C002151,北京北斗星通导航技术股份有限公司,2013/3/31,Q1,3.662,-1.381,-0.1596,-0.3547,-4.2709,-6.4312
C002151,北京北斗星通导航技术股份有限公司,2013/6/30,Q2,3.6555,-0.1846,1.5648,1.3194,5.474,3.9375
C002151,北京北斗星通导航技术股份有限公司,2013/9/30,Q3,3.7651,2.7697,3.6445,4.1992,9.4536,2.6344
C002151,北京北斗星通导航技术股份有限公司,2013/12/31,Q4,3.9002,6.097,6.1029,8.0512,10.7356,5.4271
C002151,北京北斗星通导航技术股份有限公司,2014/3/31,Q1,4.9467,-0.9676,-0.3202,-0.6226,-5.0319,-9.7908
C002151,北京北斗星通导航技术股份有限公司,2014/6/30,Q2,4.8444,-0.7504,0.2685,-0.2625,0.6051,-2.4713
C002151,北京北斗星通导航技术股份有限公司,2014/9/30,Q3,4.9158,0.6903,1.8724,2.2009,4.8731,2.4234
C002151,北京北斗星通导航技术股份有限公司,2014/12/31,Q4,5.0118,2.6142,3.5791,4.8095,6.6662,3.2663
C002151,北京北斗星通导航技术股份有限公司,2015/3/31,Q1,4.8933,-1.0202,-0.5107,-0.9269,-6.0933,-12.1342
C002151,北京北斗星通导航技术股份有限公司,2015/6/30,Q2,4.8248,-2.4416,-1.2558,-2.0591,-7.0286,-11.5969
C002151,北京北斗星通导航技术股份有限公司,2015/9/30,Q3,8.7712,-0.8684,-0.6433,-1.081,-3.0834,-6.1257
C002151,北京北斗星通导航技术股份有限公司,2015/12/31,Q4,9.0017,1.9174,2.17,2.5174,5.3357,1.3066
C002151,北京北斗星通导航技术股份有限公司,2016/3/31,Q1,8.9642,-0.4281,-0.16,-0.3228,-2.6677,-4.2552
C002151,北京北斗星通导航技术股份有限公司,2016/6/30,Q2,8.4165,0.3057,0.4943,0.4534,2.9871,1.3763
C002151,北京北斗星通导航技术股份有限公司,2016/9/30,Q3,8.4946,1.2105,1.465,1.5012,6.5751,4.3424
C002151,北京北斗星通导航技术股份有限公司,2016/12/31,Q4,8.4148,1.1994,1.8425,1.6893,5.6806,5.3537
C002151,北京北斗星通导航技术股份有限公司,2017/3/31,Q1,8.4,0.0847,0.1002,0.0194,2.2788,-0.0956
C002151,北京北斗星通导航技术股份有限公司,2017/6/30,Q2,8.3162,0.5984,0.451,0.3581,4.0421,4.0397
C002151,北京北斗星通导航技术股份有限公司,2017/9/30,Q3,8.4112,1.7576,1.5729,1.6451,6.6369,6.4105
C002151,北京北斗星通导航技术股份有限公司,2017/12/31,Q4,8.4534,2.4181,2.4617,2.653,6.8261,6.4371
C002151,北京北斗星通导航技术股份有限公司,2018/3/31,Q1,8.4306,0.0931,0.2253,0.1958,1.4124,1.7242
C002151,北京北斗星通导航技术股份有限公司,2018/6/30,Q2,8.4496,1.1086,1.3003,1.1527,5.2364,5.0769
C002151,北京北斗星通导航技术股份有限公司,2018/9/30,Q3,8.5521,1.2215,1.7304,1.3855,4.5957,4.348
C002151,北京北斗星通导航技术股份有限公司,2018/12/31,Q4,7.8637,2.644,3.0896,3.1087,6.1465,-9.5294
C002151,北京北斗星通导航技术股份有限公司,2019/3/31,Q1,7.8509,-0.4139,-0.0617,-0.0873,-2.6041,-2.616
C002271,北京东方雨虹防水技术股份有限公司,2012/3/31,Q1,3.15,-0.7082,0.3962,0.5169,-1.547,-6.1492
C002271,北京东方雨虹防水技术股份有限公司,2012/6/30,Q2,3.23,5.1426,4.352,4.2798,5.9587,3.9398
C002271,北京东方雨虹防水技术股份有限公司,2012/9/30,Q3,3.41,10.0059,7.1665,7.7554,6.9254,5.3267
C002271,北京东方雨虹防水技术股份有限公司,2012/12/31,Q4,3.623,15.1587,11.1529,12.4608,8.1853,6.4376
C002271,北京东方雨虹防水技术股份有限公司,2013/3/31,Q1,3.6321,0.2497,0.9555,0.428,2.0709,-0.7231
C002271,北京东方雨虹防水技术股份有限公司,2013/6/30,Q2,3.7063,7.6437,4.7438,5.8356,7.758,6.0906
C002271,北京东方雨虹防水技术股份有限公司,2013/9/30,Q3,4.2559,15.1497,10.5435,12.3918,11.2713,9.1878
C002271,北京东方雨虹防水技术股份有限公司,2013/12/31,Q4,4.6724,21.6326,15.8772,17.9287,13.0448,10.637
C002271,北京东方雨虹防水技术股份有限公司,2014/3/31,Q1,4.8494,3.2154,2.4146,2.5451,9.5131,6.0027
C002271,北京东方雨虹防水技术股份有限公司,2014/6/30,Q2,5.192,12.0025,7.6183,8.7788,13.2463,10.9866
C002271,北京东方雨虹防水技术股份有限公司,2014/9/30,Q3,8.0398,12.8136,12.7972,15.0306,15.7655,12.8005
C002271,北京东方雨虹防水技术股份有限公司,2014/12/31,Q4,8.2543,16.7772,16.3121,19.206,15.261,12.4623
C002271,北京东方雨虹防水技术股份有限公司,2015/3/31,Q1,8.3721,1.2676,1.2506,1.246,7.4933,6.9869
C002271,北京东方雨虹防水技术股份有限公司,2015/6/30,Q2,4.3812,7.7864,6.3207,7.267,17.2717,11.8005
C002271,北京东方雨虹防水技术股份有限公司,2015/9/30,Q3,4.5156,12.3451,9.8798,11.0144,17.4887,12.8401
C002271,北京东方雨虹防水技术股份有限公司,2015/12/31,Q4,4.8952,17.9449,15.4354,17.4047,18.954,13.7269
C002271,北京东方雨虹防水技术股份有限公司,2016/3/31,Q1,4.792,1.4051,1.3747,1.399,7.5727,6.1124
C002271,北京东方雨虹防水技术股份有限公司,2016/6/30,Q2,5.0733,8.6465,6.167,7.1855,17.2331,13.8644
C002271,北京东方雨虹防水技术股份有限公司,2016/9/30,Q3,5.2209,15.6182,12.0022,14.3441,21.9739,16.9486
C002271,北京东方雨虹防水技术股份有限公司,2016/12/31,Q4,5.6357,20.6796,16.0056,19.7788,20.1997,15.6645
C002271,北京东方雨虹防水技术股份有限公司,2017/3/31,Q1,5.7854,1.5423,1.2166,1.4093,6.7875,5.1758
C002271,北京东方雨虹防水技术股份有限公司,2017/6/30,Q2,6.1547,9.088,5.9373,7.533,15.0857,12.9409
C002271,北京东方雨虹防水技术股份有限公司,2017/9/30,Q3,6.6562,13.926,9.5149,11.767,17.1449,14.4366
C002271,北京东方雨虹防水技术股份有限公司,2017/12/31,Q4,7.1434,18.4496,13.5604,16.7624,16.4367,13.913
C002271,北京东方雨虹防水技术股份有限公司,2018/3/31,Q1,7.2737,1.4475,1.0072,1.1263,6.6947,6.2438
C002271,北京东方雨虹防水技术股份有限公司,2018/6/30,Q2,4.5538,8.5392,5.0991,6.2532,14.598,12.6246
C002271,北京东方雨虹防水技术股份有限公司,2018/9/30,Q3,4.9073,14.3373,8.9964,11.2152,15.999,13.4232
C002271,北京东方雨虹防水技术股份有限公司,2018/12/31,Q4,5.0169,19.0896,10.886,13.1772,15.1871,12.9405
C002271,北京东方雨虹防水技术股份有限公司,2019/3/31,Q1,5.1181,1.5824,1.0773,1.3041,5.8962,5.3754
C002350,北京科锐配电自动化股份有限公司,2012/3/31,Q1,7.4596,0.6456,0.5856,0.5476,5.5011,4.9784
C002350,北京科锐配电自动化股份有限公司,2012/6/30,Q2,4.3319,3.3389,2.6877,2.9061,9.3605,8.2756
C002350,北京科锐配电自动化股份有限公司,2012/9/30,Q3,4.4175,5.1185,4.2537,4.6695,9.6274,8.2353
C002350,北京科锐配电自动化股份有限公司,2012/12/31,Q4,4.5763,8.024,6.721,7.617,9.9793,8.3827
C002350,北京科锐配电自动化股份有限公司,2013/3/31,Q1,4.5627,0.046,-0.0285,-0.0132,1.4261,0.1398
C002350,北京科锐配电自动化股份有限公司,2013/6/30,Q2,4.4767,1.8766,1.4477,1.562,6.4456,4.9765
C002350,北京科锐配电自动化股份有限公司,2013/9/30,Q3,4.5554,3.5095,2.7789,3.1114,7.358,6.1112
C002350,北京科锐配电自动化股份有限公司,2013/12/31,Q4,4.6668,6.0325,4.7005,5.4664,8.2707,6.8129
C002350,北京科锐配电自动化股份有限公司,2014/3/31,Q1,4.675,0.1769,0.1449,0.1341,1.649,0.2881
C002350,北京科锐配电自动化股份有限公司,2014/6/30,Q2,4.7093,2.1765,1.8194,2.0894,6.1324,4.9463
C002350,北京科锐配电自动化股份有限公司,2014/9/30,Q3,4.7969,3.964,3.2735,3.9803,6.3177,5.1831
C002350,北京科锐配电自动化股份有限公司,2014/12/31,Q4,4.9441,6.8226,5.5935,6.909,7.3249,6.2549
C002350,北京科锐配电自动化股份有限公司,2015/3/31,Q1,4.9512,0.1445,0.0065,0.0038,0.983,-2.0922
C002350,北京科锐配电自动化股份有限公司,2015/6/30,Q2,4.8508,1.1686,0.7814,0.9089,2.9694,0.7382
C002350,北京科锐配电自动化股份有限公司,2015/9/30,Q3,4.82,0.5372,0.4618,0.3467,1.0957,-0.3614
C002350,北京科锐配电自动化股份有限公司,2015/12/31,Q4,4.9902,3.9297,2.9188,3.7283,3.8875,2.2628
C002350,北京科锐配电自动化股份有限公司,2016/3/31,Q1,4.9953,0.1026,0.1372,-0.0597,0.7325,-0.409
C002350,北京科锐配电自动化股份有限公司,2016/6/30,Q2,5.0229,1.6459,1.373,1.5871,3.7265,2.7655
C002350,北京科锐配电自动化股份有限公司,2016/9/30,Q3,5.059,2.362,1.9115,2.3854,3.2694,2.1632
C002350,北京科锐配电自动化股份有限公司,2016/12/31,Q4,5.2962,6.6141,4.7894,6.9294,5.9119,4.4065
C002350,北京科锐配电自动化股份有限公司,2017/3/31,Q1,5.0566,-0.7276,-0.1633,-0.3341,-1.4787,-4.1321
C002350,北京科锐配电自动化股份有限公司,2017/6/30,Q2,2.9754,1.2029,1.0249,1.497,2.6283,2.1667
C002350,北京科锐配电自动化股份有限公司,2017/9/30,Q3,2.9747,1.2625,1.2567,1.9582,1.8525,1.3599
C002350,北京科锐配电自动化股份有限公司,2017/12/31,Q4,3.1452,5.9307,4.0502,6.3839,4.5604,4.177
C002350,北京科锐配电自动化股份有限公司,2018/3/31,Q1,3.2803,0.5128,0.4299,0.4673,2.9872,2.9081
C002350,北京科锐配电自动化股份有限公司,2018/6/30,Q2,3.5268,2.1472,1.6974,2.4417,4.693,4.3748
C002350,北京科锐配电自动化股份有限公司,2018/9/30,Q3,3.5272,3.8469,2.8515,4.2473,5.6305,4.9825
C002350,北京科锐配电自动化股份有限公司,2018/12/31,Q4,3.4901,5.8596,4.106,6.4448,5.3697,4.8047
C002350,北京科锐配电自动化股份有限公司,2019/3/31,Q1,3.5409,0.4028,0.3463,0.5101,2.3774,2.0938
C002362,汉王科技股份有限公司,2012/3/31,Q1,4.23,-2.1615,-1.5791,-1.9182,-14.365,-20.1748
C002362,汉王科技股份有限公司,2012/6/30,Q2,4.23,-2.0506,-1.3699,-1.9375,-6.388,-20.4559
C002362,汉王科技股份有限公司,2012/9/30,Q3,4.14,-4.31,-2.9653,-4.1196,-8.0448,-21.2995
C002362,汉王科技股份有限公司,2012/12/31,Q4,4.3658,1.2332,2.9233,1.0981,7.2046,-3.3541
C002362,汉王科技股份有限公司,2013/3/31,Q1,4.3001,-1.5282,-1.4468,-1.7362,-14.746,-21.2224
C002362,汉王科技股份有限公司,2013/6/30,Q2,4.2076,-3.759,-3.2742,-3.9683,-18.4849,-27.273
C002362,汉王科技股份有限公司,2013/9/30,Q3,4.0687,-7.302,-6.2976,-7.3081,-24.4849,-40.1386
C002362,汉王科技股份有限公司,2013/12/31,Q4,3.3552,-30.1203,-22.771,-26.6687,-55.3397,-73.1003
C002362,汉王科技股份有限公司,2014/3/31,Q1,3.3635,0.246,0.1304,0.1523,1.7577,0.1573
C002362,汉王科技股份有限公司,2014/6/30,Q2,3.3692,0.4147,0.1339,0.156,1.4786,-3.2647
C002362,汉王科技股份有限公司,2014/9/30,Q3,3.3782,0.6801,0.2919,0.3392,1.6982,-2.1753
C002362,汉王科技股份有限公司,2014/12/31,Q4,3.4188,1.4554,0.9704,1.1293,2.899,-1.7489
C002362,汉王科技股份有限公司,2015/3/31,Q1,3.4216,-0.2916,-0.2833,-0.3443,-1.8424,-4.7626
C002362,汉王科技股份有限公司,2015/6/30,Q2,3.434,0.0695,0.1004,0.0922,0.675,-3.5419
C002362,汉王科技股份有限公司,2015/9/30,Q3,3.4255,-0.1783,-0.2182,-0.4151,-0.2134,-4.0617
C002362,汉王科技股份有限公司,2015/12/31,Q4,3.4647,0.6501,1.3185,0.6414,3.163,-1.9264
C002362,汉王科技股份有限公司,2016/3/31,Q1,3.4812,0.4758,0.5783,0.5982,5.812,2.8745
C002362,汉王科技股份有限公司,2016/6/30,Q2,3.5025,1.0805,1.084,1.1323,5.469,1.749
C002362,汉王科技股份有限公司,2016/9/30,Q3,3.5393,1.977,1.8351,2.0013,6.1783,2.5166
C002362,汉王科技股份有限公司,2016/12/31,Q4,3.5843,2.778,3.0425,3.186,6.9627,3.0187
C002362,汉王科技股份有限公司,2017/3/31,Q1,3.7631,1.102,1.0382,1.1883,9.3279,5.8383
C002362,汉王科技股份有限公司,2017/6/30,Q2,3.8234,2.4277,2.2962,2.6534,9.4108,6.8703
C002362,汉王科技股份有限公司,2017/9/30,Q3,3.8927,3.9349,3.8251,4.5294,9.853,5.4126
C002362,汉王科技股份有限公司,2017/12/31,Q4,3.7785,5.273,5.3234,5.992,9.4847,8.3273
C002362,汉王科技股份有限公司,2018/3/31,Q1,3.9163,1.1121,1.034,1.1839,7.3991,6.8013
C002362,汉王科技股份有限公司,2018/6/30,Q2,3.9802,2.3804,1.9903,2.2401,7.6046,6.8608
C002362,汉王科技股份有限公司,2018/9/30,Q3,3.9805,3.1058,2.4544,2.8661,7.49,5.6783
C002362,汉王科技股份有限公司,2018/12/31,Q4,3.9334,1.8584,1.6388,1.824,3.0131,2.4578
C002362,汉王科技股份有限公司,2019/3/31,Q1,3.9843,-0.9453,-0.7568,-1.0203,-6.7499,-6.2369
C002371,北方华创科技集团股份有限公司,2012/3/31,Q1,6.71,2.611,1.4008,2.6365,17.0621,13.7954
C002371,北方华创科技集团股份有限公司,2012/6/30,Q2,7.03,7.06,3.6664,6.9986,23.1066,17.8997
C002371,北方华创科技集团股份有限公司,2012/9/30,Q3,9.67,6.182,4.6732,7.7777,26.0273,19.2897
C002371,北方华创科技集团股份有限公司,2012/12/31,Q4,9.8734,8.1188,6.2265,10.8646,24.3189,18.3734
C002371,北方华创科技集团股份有限公司,2013/3/31,Q1,9.9537,0.8072,0.5893,0.9474,12.0406,8.3981
C002371,北方华创科技集团股份有限公司,2013/6/30,Q2,5.0423,3.0852,2.2539,3.4779,23.8453,15.8264
C002371,北方华创科技集团股份有限公司,2013/9/30,Q3,5.1121,4.4082,3.3557,5.2103,25.3835,17.4892
C002371,北方华创科技集团股份有限公司,2013/12/31,Q4,5.1795,5.6513,4.3651,6.8299,22.4228,15.9919
C002371,北方华创科技集团股份有限公司,2014/3/31,Q1,5.1845,0.0975,0.2402,0.3336,4.7111,0.5288
C002371,北方华创科技集团股份有限公司,2014/6/30,Q2,5.1365,1.1093,1.2199,1.9098,12.8678,7.903
C002371,北方华创科技集团股份有限公司,2014/9/30,Q3,5.1814,1.9669,2.045,3.2429,14.7249,9.5996
C002371,北方华创科技集团股份有限公司,2014/12/31,Q4,5.1984,2.287,2.8785,4.0626,11.6194,5.8757
C002371,北方华创科技集团股份有限公司,2015/3/31,Q1,5.2043,0.1143,0.3237,0.4361,8.2153,-1.3253
C002371,北方华创科技集团股份有限公司,2015/6/30,Q2,5.2553,1.0821,1.1355,1.8006,13.6411,5.3575
C002371,北方华创科技集团股份有限公司,2015/9/30,Q3,5.3102,2.1083,2.095,3.3187,15.8404,8.3416
C002371,北方华创科技集团股份有限公司,2015/12/31,Q4,5.3079,2.0673,2.7241,4.065,12.4169,5.2856
C002371,北方华创科技集团股份有限公司,2016/3/31,Q1,5.3097,0.0332,0.3221,0.3402,5.9084,-5.2571
C002371,北方华创科技集团股份有限公司,2016/6/30,Q2,5.3366,1.1025,1.2106,1.6624,9.9307,-1.4233
C002371,北方华创科技集团股份有限公司,2016/9/30,Q3,6.8644,1.9967,2.3055,3.3694,8.6662,-30.3548
C002371,北方华创科技集团股份有限公司,2016/12/31,Q4,6.9692,2.9105,3.3479,5.0265,8.6323,-27.1766
C002371,北方华创科技集团股份有限公司,2017/3/31,Q1,6.9733,0.0502,0.286,0.2943,2.3536,-23.4649
C002371,北方华创科技集团股份有限公司,2017/6/30,Q2,7.0624,1.632,1.5096,2.1701,7.5999,8.6621
C002371,北方华创科技集团股份有限公司,2017/9/30,Q3,7.1224,2.4605,2.2651,3.1893,8.3471,8.779
C002371,北方华创科技集团股份有限公司,2017/12/31,Q4,7.222,3.7975,3.1609,4.7468,8.734,8.83
C002371,北方华创科技集团股份有限公司,2018/3/31,Q1,7.2491,0.4626,0.5178,0.5762,6.0697,5.8774
C002371,北方华创科技集团股份有限公司,2018/6/30,Q2,7.4515,3.487,2.2393,3.4958,13.4494,11.9445
C002371,北方华创科技集团股份有限公司,2018/9/30,Q3,7.5613,4.8698,3.0784,4.999,13.9178,11.6124
C002371,北方华创科技集团股份有限公司,2018/12/31,Q4,7.746,6.5871,4.3939,7.1765,12.4688,10.0538
C002371,北方华创科技集团股份有限公司,2019/3/31,Q1,7.7858,0.5584,0.5152,0.7967,6.4506,5.2505
C002383,北京合众思壮科技股份有限公司,2012/3/31,Q1,10.14,-1.175,-1.0786,-1.2211,-23.7497,-33.3468
C002383,北京合众思壮科技股份有限公司,2012/6/30,Q2,7.63,-1.57,-1.2183,-1.5423,-10.9191,-15.3115
C002383,北京合众思壮科技股份有限公司,2012/9/30,Q3,7.61,-1.9413,-1.3267,-1.8176,-7.2414,-11.9073
C002383,北京合众思壮科技股份有限公司,2012/12/31,Q4,7.4574,-3.9491,-4.7351,-4.723,-13.8299,-18.6741
C002383,北京合众思壮科技股份有限公司,2013/3/31,Q1,7.3464,-1.516,-1.4713,-1.659,-26.1378,-45.0171
C002383,北京合众思壮科技股份有限公司,2013/6/30,Q2,7.2791,-2.4294,-2.0299,-2.344,-15.1056,-27.3883
C002383,北京合众思壮科技股份有限公司,2013/9/30,Q3,7.3155,-3.2325,-2.2182,-2.9025,-8.6518,-13.9515
C002383,北京合众思壮科技股份有限公司,2013/12/31,Q4,7.4844,0.6996,1.5652,0.838,3.9468,-0.4168
C002383,北京合众思壮科技股份有限公司,2014/3/31,Q1,7.3373,-1.6299,-1.1374,-1.4384,-19.0464,-30.1141
C002383,北京合众思壮科技股份有限公司,2014/6/30,Q2,7.3165,-2.503,-1.9436,-2.4476,-14.5225,-25.105
C002383,北京合众思壮科技股份有限公司,2014/9/30,Q3,7.2122,-3.2288,-2.5831,-3.2151,-12.1939,-21.442
C002383,北京合众思壮科技股份有限公司,2014/12/31,Q4,7.6018,2.8149,3.0056,2.4987,9.1282,4.0826
C002383,北京合众思壮科技股份有限公司,2015/3/31,Q1,7.5488,-0.9288,-0.7226,-0.8266,-12.3999,-24.1912
C002383,北京合众思壮科技股份有限公司,2015/6/30,Q2,8.764,0.2152,0.3191,0.2678,1.5793,-3.1311
C002383,北京合众思壮科技股份有限公司,2015/9/30,Q3,8.8032,0.5214,0.701,0.6568,2.4404,-1.2397
C002383,北京合众思壮科技股份有限公司,2015/12/31,Q4,9.0748,3.3828,3.5187,3.7696,9.7202,5.124
C002383,北京合众思壮科技股份有限公司,2016/3/31,Q1,8.9966,-0.9374,-0.4973,-0.6398,-11.8937,-17.1798
C002383,北京合众思壮科技股份有限公司,2016/6/30,Q2,9.2451,0.1881,0.4761,0.5632,0.549,-2.3252
C002383,北京合众思壮科技股份有限公司,2016/9/30,Q3,14.0811,0.3306,0.8358,0.8972,2.2342,-0.4739
C002383,北京合众思壮科技股份有限公司,2016/12/31,Q4,14.3522,2.7499,3.6883,3.6478,10.8325,8.145
C002383,北京合众思壮科技股份有限公司,2017/3/31,Q1,14.3721,0.1441,0.306,0.2,2.5278,0.3012
C002383,北京合众思壮科技股份有限公司,2017/6/30,Q2,4.7815,1.4345,1.0596,1.3905,7.2997,4.8361
C002383,北京合众思壮科技股份有限公司,2017/9/30,Q3,4.8098,2.0193,1.6056,1.9428,7.9656,5.0377
C002383,北京合众思壮科技股份有限公司,2017/12/31,Q4,4.9765,6.5443,4.9024,5.9058,13.1528,11.4788
C002383,北京合众思壮科技股份有限公司,2018/3/31,Q1,5.0494,1.4337,1.0941,1.4105,6.6731,6.3786
C002383,北京合众思壮科技股份有限公司,2018/6/30,Q2,5.1779,4.686,2.6868,4.0126,7.2814,6.9504
C002383,北京合众思壮科技股份有限公司,2018/9/30,Q3,5.3162,6.634,4.0145,6.5743,6.9146,6.3344
C002383,北京合众思壮科技股份有限公司,2018/12/31,Q4,5.1888,4.9517,3.5798,5.6453,8.9981,7.8736
C002383,北京合众思壮科技股份有限公司,2019/3/31,Q1,5.1598,-0.7332,0.1322,0.1878,-10.7926,-10.9924
C002385,北京大北农科技集团股份有限公司,2012/3/31,Q1,9.15,4.8781,4.5685,5.2843,11.8944,10.4681
C002385,北京大北农科技集团股份有限公司,41090,Q2,4.6,8.4516,7.5812,8.5003,9.4337,8.3173
C002385,北京大北农科技集团股份有限公司,41182,Q3,4.76,11.334,10.0269,11.3734,7.7699,6.9577
C002385,北京大北农科技集团股份有限公司,41274,Q4,5.0717,16.6058,15.4864,17.9353,8.5674,7.5819
C002385,北京大北农科技集团股份有限公司,41364,Q1,5.3272,4.6228,4.0942,4.7816,9.1805,8.1088
C002385,北京大北农科技集团股份有限公司,41455,Q2,2.6702,7.4665,6.2992,7.313,6.384,5.7116
C002385,北京大北农科技集团股份有限公司,41547,Q3,2.7966,9.8786,8.2707,9.5754,5.079,4.5983
C002385,北京大北农科技集团股份有限公司,41639,Q4,3.073,15.2815,14.0673,15.9889,6.1841,5.5764
C002385,北京大北农科技集团股份有限公司,41729,Q1,3.1759,3.0705,2.6203,2.9992,5.3743,4.6974
C002385,北京大北农科技集团股份有限公司,41820,Q2,3.1568,5.5055,4.3296,4.9542,4.4447,3.7746
C002385,北京大北农科技集团股份有限公司,41912,Q3,3.2927,8.1243,6.4687,7.1915,4.1712,3.6643
C002385,北京大北农科技集团股份有限公司,42004,Q4,3.5349,13.5194,11.3178,13.5831,5.5467,4.9451
C002385,北京大北农科技集团股份有限公司,42094,Q1,3.5965,1.6988,1.4444,1.7414,3.6239,2.7177
C002385,北京大北农科技集团股份有限公司,42185,Q2,2.3726,3.48,2.842,3.3078,3.4182,2.7466
C002385,北京大北农科技集团股份有限公司,42277,Q3,2.447,6.449,4.8184,5.9364,4.0484,3.4601
C002385,北京大北农科技集团股份有限公司,42369,Q4,3.1528,8.1859,8.0093,9.4455,5.6212,4.8129
C002385,北京大北农科技集团股份有限公司,42460,Q1,3.2036,1.5705,1.4692,1.6635,5.6684,5.1422
C002385,北京大北农科技集团股份有限公司,42551,Q2,2.1432,4.1876,3.7227,4.224,6.8179,6.0932
C002385,北京大北农科技集团股份有限公司,42643,Q3,2.1853,6.6412,5.7491,6.7341,6.5924,5.8749
C002385,北京大北农科技集团股份有限公司,42735,Q4,2.2559,9.5417,8.4384,10.2309,7.0862,6.1135
C002385,北京大北农科技集团股份有限公司,42825,Q1,2.2657,2.0691,1.8535,2.2476,6.9024,6.2771
C002385,北京大北农科技集团股份有限公司,42916,Q2,2.2871,5.5944,4.545,5.4596,8.2519,7.7129
C002385,北京大北农科技集团股份有限公司,43008,Q3,2.3661,8.6522,7.0475,8.5757,8.2756,7.7295
C002385,北京大北农科技集团股份有限公司,43100,Q4,2.4078,12.384,9.9172,12.5516,9.0158,8.4145
C002385,北京大北农科技集团股份有限公司,43190,Q1,2.4562,1.7355,1.4044,1.8944,5.2168,5.0037
C002385,北京大北农科技集团股份有限公司,43281,Q2,2.3422,1.0464,1.3081,1.1083,1.6891,1.7138
C002385,北京大北农科技集团股份有限公司,43373,Q3,2.3653,4.3901,3.7423,4.2989,3.9972,3.8965
C002385,北京大北农科技集团股份有限公司,43465,Q4,2.3047,5.1837,4.7434,5.0646,3.5589,3.2678
C002385,北京大北农科技集团股份有限公司,43555,Q1,2.3014,-0.3978,0.1638,0.4335,-0.693,-0.8306
C002392,北京利尔高温材料股份有限公司,40999,Q1,3.56,1.5689,1.264,1.3032,16.2106,13.6502
C002392,北京利尔高温材料股份有限公司,41090,Q2,3.57,3.141,2.467,2.5698,15.7345,13.1856
C002392,北京利尔高温材料股份有限公司,41182,Q3,3.63,4.7548,3.8628,3.9973,15.637,13.1452
C002392,北京利尔高温材料股份有限公司,41274,Q4,3.6615,5.6599,4.3829,4.6186,13.6301,11.4877
C002392,北京利尔高温材料股份有限公司,41364,Q1,3.7351,1.9702,1.6769,1.7371,19.6981,16.0575
C002392,北京利尔高温材料股份有限公司,41455,Q2,3.7568,3.8911,3.2699,3.4229,18.5554,15.0945
C002392,北京利尔高温材料股份有限公司,41547,Q3,4.5288,4.8084,4.5918,4.7791,18.3024,14.8296
C002392,北京利尔高温材料股份有限公司,41639,Q4,4.6005,6.2705,6.5156,6.8077,16.1554,13.0708
C002392,北京利尔高温材料股份有限公司,41729,Q1,4.7017,2.1435,1.9604,2.1362,20.2416,16.7173
C002392,北京利尔高温材料股份有限公司,41820,Q2,4.7523,4.22,3.9092,4.2386,18.4832,15.3261
C002392,北京利尔高温材料股份有限公司,41912,Q3,4.881,6.724,6.2404,6.8215,19.2609,15.7297
C002392,北京利尔高温材料股份有限公司,42004,Q4,4.8919,6.9202,6.6185,7.0206,15.0482,12.0455
C002392,北京利尔高温材料股份有限公司,42094,Q1,4.9755,1.6802,1.3367,1.6333,14.3608,11.4538
C002392,北京利尔高温材料股份有限公司,42185,Q2,2.502,3.2348,2.6719,3.1816,13.0993,10.7942
C002392,北京利尔高温材料股份有限公司,42277,Q3,2.5412,4.7243,3.9686,4.5779,13.6,11.3976
C002392,北京利尔高温材料股份有限公司,42369,Q4,2.3825,-1.6227,-0.4544,-0.9151,-1.8968,-1.5453
C002392,北京利尔高温材料股份有限公司,42460,Q1,2.407,1.0193,0.7688,1.0085,8.237,7.0904
C002392,北京利尔高温材料股份有限公司,42551,Q2,2.4514,2.81,2.228,2.6789,11.3447,9.6126
C002392,北京利尔高温材料股份有限公司,42643,Q3,2.4997,4.6953,4.0109,4.7017,13.3742,11.1324
C002392,北京利尔高温材料股份有限公司,42735,Q4,2.5097,4.9093,4.4659,4.913,11.7481,9.9576
C002392,北京利尔高温材料股份有限公司,42825,Q1,2.5404,1.3204,1.1185,1.3073,11.0625,9.5348
C002392,北京利尔高温材料股份有限公司,42916,Q2,2.5572,2.7553,2.2922,2.7496,9.982,8.222
C002392,北京利尔高温材料股份有限公司,43008,Q3,2.6,3.7049,3.2923,3.8782,9.5949,7.9247
C002392,北京利尔高温材料股份有限公司,43100,Q4,2.6448,5.1655,4.4917,5.2827,9.7668,8.162
C002392,北京利尔高温材料股份有限公司,43190,Q1,2.6867,1.8346,1.6051,1.7743,11.4327,9.7979
C002392,北京利尔高温材料股份有限公司,43281,Q2,2.774,5.4274,4.2254,4.838,16.3563,13.1609
C002392,北京利尔高温材料股份有限公司,43373,Q3,2.811,7.1336,6.1985,7.0417,14.9175,11.3102
C002392,北京利尔高温材料股份有限公司,43465,Q4,2.8894,9.6832,8.3175,9.4242,15.755,13.3846
C002392,北京利尔高温材料股份有限公司,43555,Q1,2.9435,2.2768,1.9744,2.3001,15.8275,12.4519
C002599,北京盛通印刷股份有限公司,40999,Q1,4.28,1.2695,1.1364,1.1652,9.0912,8.3051
C002599,北京盛通印刷股份有限公司,41090,Q2,4.18,2.71,2.3263,2.4648,8.9881,8.0591
C002599,北京盛通印刷股份有限公司,41182,Q3,4.24,4.2164,3.6698,3.9173,9.0507,8.1598
C002599,北京盛通印刷股份有限公司,41274,Q4,4.3005,5.4908,4.5284,4.9253,8.7178,7.2598
C002599,北京盛通印刷股份有限公司,41364,Q1,4.3364,0.8122,0.7372,0.7875,5.4895,4.6243
C002599,北京盛通印刷股份有限公司,41455,Q2,4.3732,2.3471,1.8902,2.0728,7.2552,6.5942
C002599,北京盛通印刷股份有限公司,41547,Q3,4.3812,2.4685,2.2108,2.3044,5.1806,4.9244
C002599,北京盛通印刷股份有限公司,41639,Q4,4.4153,3.2782,2.5291,3.0365,4.5148,3.7848
C002599,北京盛通印刷股份有限公司,41729,Q1,4.4339,0.4201,0.3837,0.4256,2.2105,1.8737
C002599,北京盛通印刷股份有限公司,41820,Q2,4.4668,1.825,1.4016,1.6787,4.4028,3.5624
C002599,北京盛通印刷股份有限公司,41912,Q3,4.4856,2.2363,1.655,2.2152,3.1666,2.5898
C002599,北京盛通印刷股份有限公司,42004,Q4,4.4717,1.9316,1.591,2.1556,2.0048,1.5164
C002599,北京盛通印刷股份有限公司,42094,Q1,4.4481,0.145,0.2871,0.3645,0.6468,-0.8448
C002599,北京盛通印刷股份有限公司,42185,Q2,4.5357,2.0731,1.4262,2.1889,3.8091,1.1811
C002599,北京盛通印刷股份有限公司,42277,Q3,4.5588,2.5691,2.006,3.0003,3.1345,1.0369
C002599,北京盛通印刷股份有限公司,42369,Q4,4.8086,3.0069,2.6336,3.445,3.2653,1.3046
C002599,北京盛通印刷股份有限公司,42460,Q1,4.8025,0.2813,0.3041,0.4034,1.2719,-0.0223
C002599,北京盛通印刷股份有限公司,42551,Q2,4.9042,2.1376,1.8258,2.0639,5.5282,2.4099
C002599,北京盛通印刷股份有限公司,42643,Q3,4.9568,2.9682,2.6403,3.0526,4.5907,2.1915
C002599,北京盛通印刷股份有限公司,42735,Q4,5.0904,5.3113,3.6207,4.8465,5.4668,3.1908
C002599,北京盛通印刷股份有限公司,42825,Q1,8.6368,0.1883,0.2926,0.271,1.8669,-0.1395
C002599,北京盛通印刷股份有限公司,42916,Q2,4.444,2.0972,2.0498,2.6312,7.1271,4.4631
C002599,北京盛通印刷股份有限公司,43008,Q3,4.5161,3.4991,3.3598,4.3874,6.9271,5.1431
C002599,北京盛通印刷股份有限公司,43100,Q4,4.7431,6.0219,5.8961,7.6627,8.5,7.091
C002599,北京盛通印刷股份有限公司,43190,Q1,4.8119,0.6518,0.5462,0.5945,3.5733,3.4565
C002599,北京盛通印刷股份有限公司,43281,Q2,4.8498,3.2017,2.5222,3.208,7.5133,6.1143
C002599,北京盛通印刷股份有限公司,43373,Q3,4.8238,4.6156,3.8251,4.845,6.7836,5.665
C002599,北京盛通印刷股份有限公司,43465,Q4,4.8299,7.9171,6.5639,8.1348,8.7136,7.6426
C002599,北京盛通印刷股份有限公司,43555,Q1,4.8573,0.7424,0.6826,0.7869,3.8569,3.5276
C002612,朗姿股份有限公司,40999,Q1,11.08,3.5398,3.3938,3.1325,44.4426,30.683
C002612,朗姿股份有限公司,41090,Q2,10.81,6.59,6.1895,5.7038,46.9734,30.3023
C002612,朗姿股份有限公司,41182,Q3,11.15,9.3185,8.8448,8.1838,49.1365,31.6537
C002612,朗姿股份有限公司,41274,Q4,11.4043,10.1405,9.3581,8.8224,34.2073,24.252
C002612,朗姿股份有限公司,41364,Q1,11.8322,3.6295,3.8086,3.3505,43.6541,29.16
C002612,朗姿股份有限公司,41455,Q2,11.5968,6.4305,6.8654,5.8147,40.955,28.2473
C002612,朗姿股份有限公司,41547,Q3,11.5612,9.1502,8.7372,8.1914,35.4644,24.4094
C002612,朗姿股份有限公司,41639,Q4,11.6733,10.0116,10.14,9.1133,27.1197,19.9877
C002612,朗姿股份有限公司,41729,Q1,11.9826,2.5788,3.0225,2.5833,28.4549,18.4702
C002612,朗姿股份有限公司,41820,Q2,11.5623,4.2025,4.7629,4.1574,23.5704,16.7815
C002612,朗姿股份有限公司,41912,Q3,11.114,3.9619,4.2621,3.8017,14.1897,10.5992
C002612,朗姿股份有限公司,42004,Q4,11.2792,5.3738,5.806,4.783,14.6686,11.4339
C002612,朗姿股份有限公司,42094,Q1,11.4548,1.5765,1.5301,1.4722,13.9084,12.1205
C002612,朗姿股份有限公司,42185,Q2,11.4708,1.8859,1.9171,1.886,9.2225,8.6098
C002612,朗姿股份有限公司,42277,Q3,11.492,2.089,2.4571,2.7333,6.1212,5.6625
C002612,朗姿股份有限公司,42369,Q4,11.6252,3.2024,3.2911,3.3552,7.059,6.3367
C002612,朗姿股份有限公司,42460,Q1,11.7597,1.1507,0.8999,0.9596,10.5191,9.5444
C002612,朗姿股份有限公司,42551,Q2,5.7878,1.6587,1.3375,1.4979,7.5341,7.4155
C002612,朗姿股份有限公司,42643,Q3,6.0143,3.4267,2.6839,3.4142,11.2303,7.808
C002612,朗姿股份有限公司,42735,Q4,6.1599,6.6566,5.4964,6.6478,14.5351,10.2777
C002612,朗姿股份有限公司,42825,Q1,6.3078,1.3923,0.8711,1.2118,6.0795,6.0072
C002612,朗姿股份有限公司,42916,Q2,6.3218,2.1465,1.1735,1.5578,4.6872,4.7135
C002612,朗姿股份有限公司,43008,Q3,6.4123,3.9866,2.6507,3.8685,6.4217,5.7864
C002612,朗姿股份有限公司,43100,Q4,6.6933,7.0059,4.8778,6.5384,10.0494,9.5137
C002612,朗姿股份有限公司,43190,Q1,6.8783,2.1928,1.5203,2.2748,11.1884,11.6696
C002612,朗姿股份有限公司,43281,Q2,6.8078,4.1005,2.9588,4.3797,10.9093,10.8746
C002612,朗姿股份有限公司,43373,Q3,7.0243,6.572,5.1945,7.5835,13.1496,12.8165
C002612,朗姿股份有限公司,43465,Q4,6.949,7.5713,5.6152,7.6349,8.9009,9.0004
C002612,朗姿股份有限公司,43555,Q1,7.0658,1.867,1.4473,1.7541,10.4293,9.6685
C300003,乐普(北京)医疗器械股份有限公司,40999,Q1,2.9,6.1901,6.4484,5.9271,143.7118,57.6808
C300003,乐普(北京)医疗器械股份有限公司,41090,Q2,3.01,9.7,10.471,9.3506,122.7574,54.0037
C300003,乐普(北京)医疗器械股份有限公司,41182,Q3,3.12,12.8533,14.1449,12.6188,105.0793,50.2881
C300003,乐普(北京)医疗器械股份有限公司,41274,Q4,3.22,15.44,17.393,15.3269,89.8465,45.9153
C300003,乐普(北京)医疗器械股份有限公司,41364,Q1,3.3292,3.4377,3.7189,3.2971,60.9258,36.8547
C300003,乐普(北京)医疗器械股份有限公司,41455,Q2,3.2665,7.0699,7.4986,6.7468,58.2479,35.8902
C300003,乐普(北京)医疗器械股份有限公司,41547,Q3,3.3748,10.0248,10.822,9.899,54.3716,34.0173
C300003,乐普(北京)医疗器械股份有限公司,41639,Q4,3.4822,12.79,14.0551,12.8937,50.582,32.3011
C300003,乐普(北京)医疗器械股份有限公司,41729,Q1,3.5979,3.2016,3.4631,3.1991,46.6146,31.139
C300003,乐普(北京)医疗器械股份有限公司,41820,Q2,3.6121,7.1889,8.012,7.4452,50.7647,32.559
C300003,乐普(北京)医疗器械股份有限公司,41912,Q3,3.7423,10.4798,11.961,11.1697,49.7455,32.1527
C300003,乐普(北京)医疗器械股份有限公司,42004,Q4,3.8702,13.4665,15.1096,14.2798,47.9363,30.9752
C300003,乐普(北京)医疗器械股份有限公司,42094,Q1,4.0264,3.9287,3.9904,4.1149,37.8731,26.588
C300003,乐普(北京)医疗器械股份有限公司,42185,Q2,4.0834,8.687,8.5125,9.2499,39.8895,26.8617
C300003,乐普(北京)医疗器械股份有限公司,42277,Q3,4.2467,12.0528,11.1268,12.8384,38.5171,26.5408
C300003,乐普(北京)医疗器械股份有限公司,42369,Q4,5.9198,10.8363,12.7464,13.7757,34.26,24.7059
C300003,乐普(北京)医疗器械股份有限公司,42460,Q1,5.0529,4.015,3.1915,3.6993,39.8842,27.413
C300003,乐普(北京)医疗器械股份有限公司,42551,Q2,2.5506,8.4877,6.714,7.2223,41.2927,28.3058
C300003,乐普(北京)医疗器械股份有限公司,42643,Q3,2.7039,11.5288,9.2717,10.3938,39.4149,27.3362
C300003,乐普(北京)医疗器械股份有限公司,42735,Q4,3.1742,12.2733,11.0454,12.0606,35.2694,24.9215
C300003,乐普(北京)医疗器械股份有限公司,42825,Q1,3.2317,4.0289,3.3031,3.6003,42.6657,28.9003
C300003,乐普(北京)医疗器械股份有限公司,42916,Q2,3.2798,8.4766,6.9561,7.608,43.734,29.6019
C300003,乐普(北京)医疗器械股份有限公司,43008,Q3,3.4536,11.9979,10.1485,10.5485,42.2761,28.0652
C300003,乐普(北京)医疗器械股份有限公司,43100,Q4,3.6088,13.9834,11.4737,11.8594,36.57,25.4694
C300003,乐普(北京)医疗器械股份有限公司,43190,Q1,3.4662,4.9094,3.4858,3.5484,39.4705,27.6331
C300003,乐普(北京)医疗器械股份有限公司,43281,Q2,3.5451,12.8209,8.1142,8.3852,48.5538,32.8018
C300003,乐普(北京)医疗器械股份有限公司,43373,Q3,3.8107,16.8416,10.8495,11.5573,45.5017,28.8955
C300003,乐普(北京)医疗器械股份有限公司,43465,Q4,3.5706,19.1569,12.1959,12.7071,33.8418,22.6931
C300003,乐普(北京)医疗器械股份有限公司,43555,Q1,3.8436,8.5103,5.0078,5.1644,56.49,36.485
C300005,探路者控股集团股份有限公司,40999,Q1,2.43,6.2531,5.9025,6.372,32.4071,24.3199
C300005,探路者控股集团股份有限公司,41090,Q2,1.88,9.01,10.1569,9.1693,28.0607,22.1669
C300005,探路者控股集团股份有限公司,41182,Q3,1.9999,11.5327,12.0403,12.0713,22.4813,18.4168
C300005,探路者控股集团股份有限公司,41274,Q4,2.27,21.06,19.7566,23.3697,22.2416,17.4533
C300005,探路者控股集团股份有限公司,41364,Q1,2.46,6.8042,6.111,6.8628,34.6984,24.7988
C300005,探路者控股集团股份有限公司,41455,Q2,2.0321,11.2349,10.464,11.1603,28.6644,21.3021
C300005,探路者控股集团股份有限公司,41547,Q3,2.1624,15.4346,13.0641,15.0063,24.2366,18.7213
C300005,探路者控股集团股份有限公司,41639,Q4,2.4324,24.0656,21.1467,25.4208,25.117,18.505
C300005,探路者控股集团股份有限公司,41729,Q1,2.6211,6.9714,5.999,6.8827,39.825,27.5126
C300005,探路者控股集团股份有限公司,41820,Q2,2.0781,11.5623,9.4141,10.4717,29.4941,21.2491
C300005,探路者控股集团股份有限公司,41912,Q3,2.2324,15.5893,12.2851,14.7705,25.5997,19.4193
C300005,探路者控股集团股份有限公司,42004,Q4,2.4325,23.5826,19.7141,23.8858,25.0115,18.9095
C300005,探路者控股集团股份有限公司,42094,Q1,2.6181,7.0182,6.1166,7.0265,41.1048,29.3626
C300005,探路者控股集团股份有限公司,42185,Q2,2.4933,9.6875,8.8076,8.6111,33.4572,24.3244
C300005,探路者控股集团股份有限公司,42277,Q3,2.5224,11.3043,9.0977,9.4389,11.2692,9.4315
C300005,探路者控股集团股份有限公司,42369,Q4,2.7621,18.5548,13.1112,16.825,8.4377,7.2133
C300005,探路者控股集团股份有限公司,42460,Q1,2.8552,4.8926,2.9404,3.6645,17.1931,14.2282
C300005,探路者控股集团股份有限公司,42551,Q2,4.6262,3.4341,3.264,3.4023,9.8802,7.3368
C300005,探路者控股集团股份有限公司,42643,Q3,4.6142,3.66,3.3201,3.356,6.3626,4.8335
C300005,探路者控股集团股份有限公司,42735,Q4,4.6624,5.9777,4.0552,4.774,4.913,3.4608
C300005,探路者控股集团股份有限公司,42825,Q1,4.7394,1.7829,1.4966,1.7024,10.0331,8.8339
C300005,探路者控股集团股份有限公司,42916,Q2,3.0598,2.8972,2.1858,2.421,6.8857,4.7807
C300005,探路者控股集团股份有限公司,43008,Q3,3.0406,2.9972,2.0892,2.3425,4.4404,4.2838
C300005,探路者控股集团股份有限公司,43100,Q4,2.8605,-3.3282,-3.2944,-5.0378,-3.3621,-4.972
C300005,探路者控股集团股份有限公司,43190,Q1,2.8783,0.8648,0.4825,0.5149,4.9977,4.7463
C300005,探路者控股集团股份有限公司,43281,Q2,2.8632,0.9452,0.5503,0.5233,3.3135,3.006
C300005,探路者控股集团股份有限公司,43373,Q3,2.8436,0.9983,0.3246,0.2773,2.5972,2.307
C300005,探路者控股集团股份有限公司,43465,Q4,2.6205,-7.789,-7.9224,-10.6268,-11.0532,-10.2547
C300005,探路者控股集团股份有限公司,43555,Q1,2.6541,1.7111,1.6431,1.6928,17.0421,14.4262
C300011,北京鼎汉技术集团股份有限公司,40999,Q1,7.16,-0.1608,-0.2465,-0.2695,-5.5329,-2.3223
C300011,北京鼎汉技术集团股份有限公司,41090,Q2,4.5993,-0.2184,-0.4309,-0.7621,-1.3148,0.1989
C300011,北京鼎汉技术集团股份有限公司,41182,Q3,4.63,0.3575,-0.0697,-0.0571,1.4987,-1.016
C300011,北京鼎汉技术集团股份有限公司,41274,Q4,4.69,1.6547,1.1126,0.9126,5.6823,2.8522
C300011,北京鼎汉技术集团股份有限公司,41364,Q1,3.1326,0.74,0.7862,0.6995,10.1006,9.224
C300011,北京鼎汉技术集团股份有限公司,41455,Q2,3.2009,2.579,2.4674,2.4384,14.8134,12.9056
C300011,北京鼎汉技术集团股份有限公司,41547,Q3,3.2647,4.5762,4.6574,4.4802,16.7284,14.0719
C300011,北京鼎汉技术集团股份有限公司,41639,Q4,3.3684,7.3122,7.3191,7.1285,17.4964,13.2838
C300011,北京鼎汉技术集团股份有限公司,41729,Q1,3.448,1.3396,1.463,1.2997,13.6454,11.4309
C300011,北京鼎汉技术集团股份有限公司,41820,Q2,1.937,3.7304,3.7823,3.5224,16.5598,13.1958
C300011,北京鼎汉技术集团股份有限公司,41912,Q3,3.286,4.3299,6.2702,5.9473,23.9879,17.1133
C300011,北京鼎汉技术集团股份有限公司,42004,Q4,3.4801,9.5999,13.3965,13.3063,34.0392,23.2057
C300011,北京鼎汉技术集团股份有限公司,42094,Q1,3.5435,1.6399,1.4878,1.5229,28.1131,20.7963
C300011,北京鼎汉技术集团股份有限公司,42185,Q2,3.606,4.9565,4.5493,4.7506,31.2533,22.7692
C300011,北京鼎汉技术集团股份有限公司,42277,Q3,3.7056,7.4537,6.8788,7.0785,29.2273,21.4392
C300011,北京鼎汉技术集团股份有限公司,42369,Q4,3.9296,12.6918,12.206,13.2892,32.5526,21.0776
C300011,北京鼎汉技术集团股份有限公司,42460,Q1,3.9235,-0.1977,0.1354,0.1781,-2.3884,-3.5155
C300011,北京鼎汉技术集团股份有限公司,42551,Q2,3.8898,0.3902,0.8933,0.6737,3.5299,-4.5972
C300011,北京鼎汉技术集团股份有限公司,42643,Q3,4.0041,2.935,2.7956,3.2669,10.6085,1.5096
C300011,北京鼎汉技术集团股份有限公司,42735,Q4,4.077,5.1385,4.4352,5.3949,12.5343,2.6483
C300011,北京鼎汉技术集团股份有限公司,42825,Q1,4.0801,0.1865,0.3664,0.4247,2.5022,1.8995
C300011,北京鼎汉技术集团股份有限公司,42916,Q2,4.0693,0.3921,0.7519,0.7129,2.4605,2.1713
C300011,北京鼎汉技术集团股份有限公司,43008,Q3,4.6204,0.7976,1.7269,1.7108,4.8703,4.6268
C300011,北京鼎汉技术集团股份有限公司,43100,Q4,4.4472,2.9677,4.1046,3.979,9.1219,8.7865
C300011,北京鼎汉技术集团股份有限公司,43190,Q1,4.4431,-0.0782,0.4242,-0.3151,1.2358,1.5654
C300011,北京鼎汉技术集团股份有限公司,43281,Q2,4.4976,1.1405,1.442,1.3848,6.2157,6.3685
C300011,北京鼎汉技术集团股份有限公司,43373,Q3,4.4909,1.2453,1.9797,1.9562,4.5337,4.2936
C300011,北京鼎汉技术集团股份有限公司,43465,Q4,3.395,-30.4049,-13.2322,-18.3917,-41.8094,-41.7936
C300011,北京鼎汉技术集团股份有限公司,43555,Q1,3.4027,0.3915,0.7274,0.7624,2.7617,1.7761
C300016,北京北陆药业股份有限公司,40999,Q1,3.29,2.1779,2.3114,2.1132,29.9613,19.182
C300016,北京北陆药业股份有限公司,41090,Q2,3.22,6.1237,6.3586,5.7938,38.6688,25.8263
C300016,北京北陆药业股份有限公司,41182,Q3,3.32,9.1596,9.7902,8.9245,37.3655,25.6878
C300016,北京北陆药业股份有限公司,41274,Q4,3.43,12.0312,12.2755,11.2152,38.0842,26.3755
C300016,北京北陆药业股份有限公司,41364,Q1,3.5191,2.5274,2.3899,2.2938,31.3624,22.9374
C300016,北京北陆药业股份有限公司,41455,Q2,1.7223,6.2234,6.0188,5.7962,33.466,25.2755
C300016,北京北陆药业股份有限公司,41547,Q3,1.775,9.025,9.0423,8.6767,32.2597,24.2979
C300016,北京北陆药业股份有限公司,41639,Q4,1.831,11.7937,12.0725,11.2328,31.6962,23.7037
C300016,北京北陆药业股份有限公司,41729,Q1,1.9237,2.6469,2.6793,2.5598,31.567,22.2974
C300016,北京北陆药业股份有限公司,41820,Q2,1.9147,6.9619,7.2136,6.812,36.7796,25.6261
C300016,北京北陆药业股份有限公司,41912,Q3,1.9858,9.8531,10.1933,9.584,33.4202,23.7162
C300016,北京北陆药业股份有限公司,42004,Q4,2.0021,13.9231,14.1859,14.3599,35.5202,25.2596
C300016,北京北陆药业股份有限公司,42094,Q1,2.0707,3.1697,2.883,3.3293,30.0992,22.4684
C300016,北京北陆药业股份有限公司,42185,Q2,2.1561,8.2777,7.3674,8.5137,34.2792,24.6058
C300016,北京北陆药业股份有限公司,42277,Q3,2.2326,11.2934,10.3312,11.7751,33.1175,24.0787
C300016,北京北陆药业股份有限公司,42369,Q4,2.6963,3.6558,5.0766,3.9826,12.713,9.0855
C300016,北京北陆药业股份有限公司,42460,Q1,2.7584,2.2502,2.3155,2.2987,27.8421,20.6316
C300016,北京北陆药业股份有限公司,42551,Q2,2.8838,6.0308,6.1217,5.9285,32.5381,23.4575
C300016,北京北陆药业股份有限公司,42643,Q3,2.9611,8.483,9.0275,8.4729,31.1396,22.8364
C300016,北京北陆药业股份有限公司,42735,Q4,2.766,1.8165,2.1364,1.6399,5.5718,3.4528
C300016,北京北陆药业股份有限公司,42825,Q1,2.8063,2.8877,3.1441,2.8878,36.7221,24.4211
C300016,北京北陆药业股份有限公司,42916,Q2,2.9415,7.5045,8.2475,7.6836,42.7451,28.9449
C300016,北京北陆药业股份有限公司,43008,Q3,3.1208,10.1763,11.6671,10.7342,40.9601,28.294
C300016,北京北陆药业股份有限公司,43100,Q4,3.2799,11.1123,13.3273,11.9903,35.6857,27.1768
C300016,北京北陆药业股份有限公司,43190,Q1,3.3681,2.6188,2.8772,2.6312,38.4512,28.0434
C300016,北京北陆药业股份有限公司,43281,Q2,3.5012,7.4202,8.3709,7.5491,46.833,32.4327
C300016,北京北陆药业股份有限公司,43373,Q3,2.4193,10.679,12.0834,11.0452,49.1061,32.1099
C300016,北京北陆药业股份有限公司,43465,Q4,2.4659,12.2543,13.3771,12.8045,38.8616,27.424
C300016,北京北陆药业股份有限公司,43555,Q1,2.5488,3.2548,3.5974,3.2874,40.7564,27.5709
C300034,北京钢研高纳科技股份有限公司,40999,Q1,4.3417,2.1286,1.4661,1.3418,27.2282,20.8169
C300034,北京钢研高纳科技股份有限公司,41090,Q2,4.3376,3.88,3.299,3.0517,23.7159,18.8922
C300034,北京钢研高纳科技股份有限公司,41182,Q3,4.4168,5.6058,4.8164,4.4929,22.233,17.9414
C300034,北京钢研高纳科技股份有限公司,41274,Q4,4.5,7.3849,6.322,5.9869,21.7318,17.6271
C300034,北京钢研高纳科技股份有限公司,41364,Q1,4.5875,1.8581,1.5945,1.5546,24.1278,19.1975
C300034,北京钢研高纳科技股份有限公司,41455,Q2,4.5081,3.6782,3.2196,3.0532,22.2977,18.0754
C300034,北京钢研高纳科技股份有限公司,41547,Q3,4.6301,6.2167,5.2707,5.0619,23.6162,18.1168
C300034,北京钢研高纳科技股份有限公司,41639,Q4,4.7854,8.5422,7.2454,7.7709,23.5524,17.6183
C300034,北京钢研高纳科技股份有限公司,41729,Q1,4.876,1.8573,1.645,1.793,22.9959,17.6638
C300034,北京钢研高纳科技股份有限公司,41820,Q2,3.2095,3.9224,3.426,3.6964,21.3809,16.9176
C300034,北京钢研高纳科技股份有限公司,41912,Q3,3.3275,7.3288,6.4884,7.0654,26.2334,17.4549
C300034,北京钢研高纳科技股份有限公司,42004,Q4,3.4528,10.0359,8.8929,9.9177,25.5406,18.1864
C300034,北京钢研高纳科技股份有限公司,42094,Q1,3.5559,1.7908,1.7372,1.8643,25.2566,19.1247
C300034,北京钢研高纳科技股份有限公司,42185,Q2,3.4709,3.7988,3.4601,3.7001,21.7436,17.0363
C300034,北京钢研高纳科技股份有限公司,42277,Q3,3.5488,5.9013,5.4406,5.8406,21.2469,16.8939
C300034,北京钢研高纳科技股份有限公司,42369,Q4,3.7466,10.3538,9.4433,10.7573,25.5057,19.8374
C300034,北京钢研高纳科技股份有限公司,42460,Q1,3.8455,1.6996,1.4914,1.5874,18.3997,14.4618
C300034,北京钢研高纳科技股份有限公司,42551,Q2,2.9605,3.7508,3.4424,3.7389,20.8208,16.0499
C300034,北京钢研高纳科技股份有限公司,42643,Q3,3.0154,5.3674,4.9599,5.4027,20.7504,15.932
C300034,北京钢研高纳科技股份有限公司,42735,Q4,3.0966,7.3838,6.2715,7.4041,18.6392,15.585
C300034,北京钢研高纳科技股份有限公司,42825,Q1,3.162,1.453,1.3146,1.5041,17.6227,10.5021
C300034,北京钢研高纳科技股份有限公司,42916,Q2,3.1486,2.8982,2.5405,2.8698,15.7751,10.8875
C300034,北京钢研高纳科技股份有限公司,43008,Q3,3.1602,3.2169,2.6965,2.9863,11.2745,7.4841
C300034,北京钢研高纳科技股份有限公司,43100,Q4,3.2051,4.3,2.8699,3.611,8.7649,7.7681
C300034,北京钢研高纳科技股份有限公司,43190,Q1,3.2494,1.4853,1.3355,1.5019,18.492,15.3322
C300034,北京钢研高纳科技股份有限公司,43281,Q2,3.2408,3.3869,3.0331,3.4774,20.4061,16.5926
C300034,北京钢研高纳科技股份有限公司,43373,Q3,3.284,4.8676,4.4562,5.0813,19.7725,15.6854
C300034,北京钢研高纳科技股份有限公司,43465,Q4,3.9993,5.9471,6.1075,7.3933,19.5118,15.3007
C300034,北京钢研高纳科技股份有限公司,43555,Q1,4.0711,1.7254,1.7651,2.0937,19.5465,14.8778
C300045,北京华力创通科技股份有限公司,40999,Q1,5.41,1.0312,0.7537,0.7414,13.7797,8.0384
C300045,北京华力创通科技股份有限公司,41090,Q2,2.71,3.4724,2.9698,2.8463,25.4385,17.9281
C300045,北京华力创通科技股份有限公司,41182,Q3,2.72,3.8989,3.0533,2.9188,19.0129,13.5518
C300045,北京华力创通科技股份有限公司,41274,Q4,2.78,6.17,5.5659,5.2713,22.4974,13.8011
C300045,北京华力创通科技股份有限公司,41364,Q1,2.8088,1.0592,0.5446,0.4298,7.2139,-9.0859
C300045,北京华力创通科技股份有限公司,41455,Q2,2.7949,1.3246,0.2494,0.0122,1.6315,-10.5763
C300045,北京华力创通科技股份有限公司,41547,Q3,2.7777,0.5752,-0.9112,-1.2698,-3.0686,-14.63
C300045,北京华力创通科技股份有限公司,41639,Q4,2.8313,1.8908,1.1053,1.5714,2.9423,-13.9427
C300045,北京华力创通科技股份有限公司,41729,Q1,2.822,-0.2205,-0.6681,-0.6604,-5.7164,-9.1963
C300045,北京华力创通科技股份有限公司,41820,Q2,2.8613,0.9137,0.157,0.181,1.5756,-9.9863
C300045,北京华力创通科技股份有限公司,41912,Q3,3.0829,3.1653,1.8977,2.2042,7.861,-1.9313
C300045,北京华力创通科技股份有限公司,42004,Q4,3.0088,5.7061,4.2498,4.9901,11.866,3.4655
C300045,北京华力创通科技股份有限公司,42094,Q1,3.039,0.5706,0.4947,0.4181,8.2837,3.6284
C300045,北京华力创通科技股份有限公司,42185,Q2,1.4995,1.2422,0.7102,0.8999,5.8103,2.1111
C300045,北京华力创通科技股份有限公司,42277,Q3,1.5236,2.4358,1.4247,1.803,7.4426,3.5393
C300045,北京华力创通科技股份有限公司,42369,Q4,1.6095,3.5044,2.5539,2.9834,8.3275,5.12
C300045,北京华力创通科技股份有限公司,42460,Q1,1.6261,0.8531,0.7179,0.682,9.1474,3.0724
C300045,北京华力创通科技股份有限公司,42551,Q2,1.6406,1.566,1.031,1.284,6.8266,0.6594
C300045,北京华力创通科技股份有限公司,42643,Q3,1.6601,2.5649,1.9382,2.3379,8.4533,2.7321
C300045,北京华力创通科技股份有限公司,42735,Q4,1.7967,5.116,4.2145,5.0878,13.3787,4.1771
C300045,北京华力创通科技股份有限公司,42825,Q1,1.877,0.7975,0.7873,0.8228,10.9548,7.1145
C300045,北京华力创通科技股份有限公司,42916,Q2,2.2539,1.548,1.5019,1.6623,11.9726,8.773
C300045,北京华力创通科技股份有限公司,43008,Q3,2.2714,2.1399,2.0604,2.4944,10.2897,6.9729
C300045,北京华力创通科技股份有限公司,43100,Q4,2.3581,5.9849,5.5617,6.4422,18.5242,15.1602
C300045,北京华力创通科技股份有限公司,43190,Q1,2.8373,-0.5102,-0.4008,-0.4064,-12.1805,-13.1949
C300045,北京华力创通科技股份有限公司,43281,Q2,2.8424,0.3689,0.1232,0.3382,1.379,1.3061
C300045,北京华力创通科技股份有限公司,43373,Q3,2.9111,2.6982,2.4534,2.7834,16.4475,12.7923
C300045,北京华力创通科技股份有限公司,43465,Q4,3.0521,6.2855,6.3535,6.7973,25.7495,20.0222
C300045,北京华力创通科技股份有限公司,43555,Q1,3.0588,0.5422,0.5995,0.5463,10.5013,8.7377
C300048,北京合康新能科技股份有限公司,40999,Q1,5.94,1.5002,1.2188,1.2991,24.9129,11.9967
C300048,北京合康新能科技股份有限公司,41090,Q2,4.21,3.9797,3.3923,3.5303,26.1022,15.2418
C300048,北京合康新能科技股份有限公司,41182,Q3,4.31,6.2569,5.4739,5.7471,27.9942,16.8248
C300048,北京合康新能科技股份有限公司,41274,Q4,4.44,9,8.3827,8.4212,28.5214,17.1366
C300048,北京合康新能科技股份有限公司,41364,Q1,4.4965,1.3044,1.1995,1.2431,14.8821,8.8922
C300048,北京合康新能科技股份有限公司,41455,Q2,4.4216,3.0241,2.7461,2.8153,18.5914,11.9202
C300048,北京合康新能科技股份有限公司,41547,Q3,4.4449,3.54,3.3348,3.4745,14.7521,9.22
C300048,北京合康新能科技股份有限公司,41639,Q4,4.4194,2.9756,3.0134,2.7752,10.2089,5.4931
C300048,北京合康新能科技股份有限公司,41729,Q1,4.4522,0.7383,0.7453,0.7596,10.9998,7.1331
C300048,北京合康新能科技股份有限公司,41820,Q2,4.4154,1.0426,1.0443,1.2132,7.4194,2.4901
C300048,北京合康新能科技股份有限公司,41912,Q3,4.4349,1.478,1.5012,1.6577,6.9395,1.9798
C300048,北京合康新能科技股份有限公司,42004,Q4,4.4986,2.8734,3.131,3.2058,10.2564,4.9742
C300048,北京合康新能科技股份有限公司,42094,Q1,4.507,0.186,0.2383,0.2598,2.6799,0.831
C300048,北京合康新能科技股份有限公司,42185,Q2,4.5141,1.4496,1.7496,2.2086,10.9999,7.4234
C300048,北京合康新能科技股份有限公司,42277,Q3,4.5286,1.7653,2.1741,2.7247,9.0107,5.4032
C300048,北京合康新能科技股份有限公司,42369,Q4,6.2863,2.2374,3.0285,3.6095,10.9599,6.3325
C300048,北京合康新能科技股份有限公司,42460,Q1,6.048,2.5203,2.2604,2.7263,34.6024,27.9847
C300048,北京合康新能科技股份有限公司,42551,Q2,3.0453,4.2395,4.6736,5.4399,31.3056,23.961
C300048,北京合康新能科技股份有限公司,42643,Q3,3.1032,5.9037,6.5933,7.6392,26.568,20.3807
C300048,北京合康新能科技股份有限公司,42735,Q4,3.1429,7.2321,6.7814,8.407,21.2803,11.118
C300048,北京合康新能科技股份有限公司,42825,Q1,3.1574,0.4586,0.4772,0.7608,5.7856,-6.9286
C300048,北京合康新能科技股份有限公司,42916,Q2,2.2298,1.7899,1.0935,1.7044,7.9876,6.7583
C300048,北京合康新能科技股份有限公司,43008,Q3,2.2344,2.0379,1.5686,2.1921,6.9395,6.859
C300048,北京合康新能科技股份有限公司,43100,Q4,2.2508,2.725,1.3372,2.2985,3.367,2.9264
C300048,北京合康新能科技股份有限公司,43190,Q1,2.2111,0.2709,0.1933,0.2406,1.8534,2.1541
C300048,北京合康新能科技股份有限公司,43281,Q2,2.2288,0.6377,0.5527,0.8657,1.7664,1.7685
C300048,北京合康新能科技股份有限公司,43373,Q3,2.2144,0.8505,0.958,1.1847,1.6877,1.8026
C300048,北京合康新能科技股份有限公司,43465,Q4,1.9764,-10.6303,-4.7291,-7.363,-21.9339,-21.0105
C300048,北京合康新能科技股份有限公司,43555,Q1,1.9967,0.9432,0.7192,0.8658,11.7364,10.106
C300065,北京海兰信数据科技股份有限公司,40999,Q1,10.79,0.803,0.4229,0.4924,8.4693,4.867
C300065,北京海兰信数据科技股份有限公司,41090,Q2,5.68,1.5733,1.2759,1.3406,10.053,5.4508
C300065,北京海兰信数据科技股份有限公司,41182,Q3,5.68,1.56,1.1416,1.1541,7.8989,2.5374
C300065,北京海兰信数据科技股份有限公司,41274,Q4,5.466,-2.3112,-2.8501,-3.6941,-5.7546,-10.7803
C300065,北京海兰信数据科技股份有限公司,41364,Q1,5.4047,-1.1435,-1.3575,-1.6741,-17.1089,-22.625
C300065,北京海兰信数据科技股份有限公司,41455,Q2,5.4049,-1.1099,-1.0609,-1.3037,-4.5258,-9.4109
C300065,北京海兰信数据科技股份有限公司,41547,Q3,5.49,0.5368,0.0387,0.0484,1.2979,-2.927
C300065,北京海兰信数据科技股份有限公司,41639,Q4,5.5761,2.0254,2.503,2.5378,6.2097,0.4634
C300065,北京海兰信数据科技股份有限公司,41729,Q1,5.6264,0.8465,0.2964,0.3536,4.6323,-0.4463
C300065,北京海兰信数据科技股份有限公司,41820,Q2,2.7907,0.9703,0.4824,0.5882,2.9429,-1.1517
C300065,北京海兰信数据科技股份有限公司,41912,Q3,2.7896,0.93,0.5847,0.6573,2.0316,-1.8306
C300065,北京海兰信数据科技股份有限公司,42004,Q4,2.8493,3.0129,2.2743,2.6548,5.3129,-0.4385
C300065,北京海兰信数据科技股份有限公司,42094,Q1,2.8628,0.4707,0.1154,0.3006,2.3322,-8.5955
C300065,北京海兰信数据科技股份有限公司,42185,Q2,2.8809,2.1319,1.8779,2.0834,11.8635,3.2401
C300065,北京海兰信数据科技股份有限公司,42277,Q3,2.8937,2.4622,1.8833,2.2154,7.7432,0.7744
C300065,北京海兰信数据科技股份有限公司,42369,Q4,4.8954,2.9961,3.2955,3.8231,13.1383,4.9085
C300065,北京海兰信数据科技股份有限公司,42460,Q1,4.9265,0.964,1.5009,1.566,23.2122,12.7605
C300065,北京海兰信数据科技股份有限公司,42551,Q2,5.002,2.4843,2.9883,3.2674,22.1073,14.7141
C300065,北京海兰信数据科技股份有限公司,42643,Q3,5.1236,4.0646,4.9296,5.4741,21.5509,14.4809
C300065,北京海兰信数据科技股份有限公司,42735,Q4,5.2196,6.5023,7.814,8.4435,22.6056,14.8715
C300065,北京海兰信数据科技股份有限公司,42825,Q1,5.3206,1.5872,1.9055,2.1095,27.582,17.119
C300065,北京海兰信数据科技股份有限公司,42916,Q2,3.7529,3.5448,3.6709,4.7498,30.5444,20.7475
C300065,北京海兰信数据科技股份有限公司,43008,Q3,3.3073,6.1,6.2322,7.2547,31.321,21.4277
C300065,北京海兰信数据科技股份有限公司,43100,Q4,3.3712,8.4654,9.6622,11.4246,29.7054,23.5638
C300065,北京海兰信数据科技股份有限公司,43190,Q1,3.4263,2.3671,2.0542,2.6574,40.9031,31.5097
C300065,北京海兰信数据科技股份有限公司,43281,Q2,3.3078,4.9669,3.2146,4.3908,32.3994,25.9143
C300065,北京海兰信数据科技股份有限公司,43373,Q3,3.3746,7.0348,5.4964,7.244,34.0211,25.3072
C300065,北京海兰信数据科技股份有限公司,43465,Q4,4.2559,6.2356,6.6213,7.3898,27.5778,20.6722
C300065,北京海兰信数据科技股份有限公司,43555,Q1,4.3489,1.6877,1.6457,1.6051,25.463,20.6623
C300072,北京三聚环保新材料股份有限公司,40999,Q1,5.89,0.3681,0.9817,0.5682,4.9704,4.0801
C300072,北京三聚环保新材料股份有限公司,41090,Q2,3.02,4.4389,4.2529,3.9545,20.959,16.3972
C300072,北京三聚环保新材料股份有限公司,41182,Q3,3.14,8.2695,7.4208,7.2294,26.8109,19.827
C300072,北京三聚环保新材料股份有限公司,41274,Q4,3.3473,13.83,12.1995,11.8551,35.2325,20.9137
C300072,北京三聚环保新材料股份有限公司,41364,Q1,3.3727,0.76,1.2477,0.8917,8.778,7.4455
C300072,北京三聚环保新材料股份有限公司,41455,Q2,2.6782,5.2938,4.3738,4.6517,23.0339,18.1008
C300072,北京三聚环保新材料股份有限公司,41547,Q3,2.7785,8.715,6.9862,7.2923,26.7861,20.4662
C300072,北京三聚环保新材料股份有限公司,41639,Q4,2.9409,13.7541,10.7462,11.321,26.6577,20.027
C300072,北京三聚环保新材料股份有限公司,41729,Q1,3.0145,2.0173,1.7149,1.6023,18.7803,15.1887
C300072,北京三聚环保新材料股份有限公司,41820,Q2,3.2664,11.0208,7.3211,7.752,30.1714,22.7095
C300072,北京三聚环保新材料股份有限公司,41912,Q3,3.5502,15.5251,11.0295,11.6976,23.6123,18.3674
C300072,北京三聚环保新材料股份有限公司,42004,Q4,3.8006,20.7858,14.3788,15.6431,20.1921,16.2047
C300072,北京三聚环保新材料股份有限公司,42094,Q1,4.0145,5.0111,3.2609,3.5681,21.3523,17.2505
C300072,北京三聚环保新材料股份有限公司,42185,Q2,3.4752,17.5247,9.2887,11.1504,28.0804,21.0255
C300072,北京三聚环保新材料股份有限公司,42277,Q3,5.7226,13.1118,11.3949,13.1553,23.1381,17.853
C300072,北京三聚环保新材料股份有限公司,42369,Q4,6.035,17.4716,15.6884,19.1779,21.3843,16.786
C300072,北京三聚环保新材料股份有限公司,42460,Q1,6.1579,4.1354,2.82,3.7147,15.9881,12.9942
C300072,北京三聚环保新材料股份有限公司,42551,Q2,4.5481,14.8269,8.7016,11.7194,19.837,16.0276
C300072,北京三聚环保新材料股份有限公司,42643,Q3,4.9051,20.7439,13.2104,18.5283,16.5955,13.776
C300072,北京三聚环保新材料股份有限公司,42735,Q4,5.251,25.7569,15.7901,22.3614,12.4769,10.762
C300072,北京三聚环保新材料股份有限公司,42825,Q1,5.725,6.3803,3.6088,5.1331,10.7647,9.559
C300072,北京三聚环保新材料股份有限公司,42916,Q2,4.1287,16.2818,8.7335,12.1516,14.0368,12.0409
C300072,北京三聚环保新材料股份有限公司,43008,Q3,4.5648,24.1704,13.4771,19.3825,16.0605,12.8502
C300072,北京三聚环保新材料股份有限公司,43100,Q4,4.8653,28.8642,15.6863,23.9915,15.3409,12.5894
C300072,北京三聚环保新材料股份有限公司,43190,Q1,5.2008,6.3132,3.1986,4.5805,20.2937,16.5412
C300072,北京三聚环保新材料股份有限公司,43281,Q2,5.5387,12.1242,6.4236,9.1031,17.3421,14.3461
C300072,北京三聚环保新材料股份有限公司,43373,Q3,4.1945,12.6139,7.6818,10.6107,14.3509,12.0396
C300072,北京三聚环保新材料股份有限公司,43465,Q4,3.9203,5.486,4.326,6.3007,5.0382,4.4223
C300072,北京三聚环保新材料股份有限公司,43555,Q1,3.9262,0.1137,0.5999,0.7034,1.4275,1.4443
C300073,北京当升材料科技股份有限公司,40999,Q1,5.16,-0.3668,-0.4319,-0.4472,-2.0706,-2.1673
C300073,北京当升材料科技股份有限公司,41090,Q2,5.19,0.26,-0.0601,-0.0514,0.8491,0.4554
C300073,北京当升材料科技股份有限公司,41182,Q3,5.22,0.6711,0.2194,0.1965,1.4003,1.0888
C300073,北京当升材料科技股份有限公司,41274,Q4,5.2739,1.76,1.1212,1.0868,2.6883,0.544
C300073,北京当升材料科技股份有限公司,41364,Q1,5.2576,-0.31,-0.3291,-0.3815,-2.1575,-2.2293
C300073,北京当升材料科技股份有限公司,41455,Q2,5.2883,0.273,0.098,0.0921,0.9363,0.5305
C300073,北京当升材料科技股份有限公司,41547,Q3,5.2541,0.57,0.4952,0.4884,1.2478,0.7419
C300073,北京当升材料科技股份有限公司,41639,Q4,5.2845,1.1476,0.7956,0.8539,1.6644,0.3687
C300073,北京当升材料科技股份有限公司,41729,Q1,5.2721,-0.2363,-0.1786,-0.2047,-1.6035,-2.8552
C300073,北京当升材料科技股份有限公司,41820,Q2,5.2815,0.2257,0.3063,0.2953,0.7643,-2.1249
C300073,北京当升材料科技股份有限公司,41912,Q3,5.2732,0.0696,0.154,0.1549,0.1431,-2.281
C300073,北京当升材料科技股份有限公司,42004,Q4,5.1096,-3.1305,-2.7626,-2.9233,-4.3338,-6.9795
C300073,北京当升材料科技股份有限公司,42094,Q1,5.0861,-0.4748,-0.3632,-0.4351,-2.4382,-3.7358
C300073,北京当升材料科技股份有限公司,42185,Q2,5.1156,0.117,0.1199,0.116,0.3486,-0.6627
C300073,北京当升材料科技股份有限公司,42277,Q3,6.7017,0.1549,0.2317,0.1467,0.6823,-0.1644
C300073,北京当升材料科技股份有限公司,42369,Q4,6.7832,1.0697,1.0427,1.2459,1.6483,0.6544
C300073,北京当升材料科技股份有限公司,42460,Q1,6.8693,1.2528,0.9723,1.2262,7.7177,6.1453
C300073,北京当升材料科技股份有限公司,42551,Q2,6.9829,2.8578,2.2603,2.8411,7.5587,6.3483
C300073,北京当升材料科技股份有限公司,42643,Q3,7.126,4.8086,3.8398,4.7558,8.1183,6.8875
C300073,北京当升材料科技股份有限公司,42735,Q4,7.326,7.4045,5.7041,7.0208,8.7437,7.0849
C300073,北京当升材料科技股份有限公司,42825,Q1,7.4333,1.4435,1.2513,1.4625,7.8779,6.6932
C300073,北京当升材料科技股份有限公司,42916,Q2,4.0692,9.7291,7.4167,8.5802,22.7463,20.3328
C300073,北京当升材料科技股份有限公司,43008,Q3,4.2971,11.655,9.505,11.1999,16.5313,14.5711
C300073,北京当升材料科技股份有限公司,43100,Q4,4.3258,15.7984,12.6828,14.8811,14.9338,13.6038
C300073,北京当升材料科技股份有限公司,43190,Q1,8.4635,1.2613,1.6314,1.8647,7.3502,6.828
C300073,北京当升材料科技股份有限公司,43281,Q2,7.1291,3.6233,3.3408,3.9689,8.7828,8.0337
C300073,北京当升材料科技股份有限公司,43373,Q3,7.3369,6.4083,6.0648,7.1798,11.2082,9.6144
C300073,北京当升材料科技股份有限公司,43465,Q4,7.5596,9.5765,10.2344,11.7234,13.2382,11.2247
C300073,北京当升材料科技股份有限公司,43555,Q1,7.7063,1.9044,1.7224,1.882,13.4443,11.3704
C300079,北京数码视讯科技股份有限公司,40999,Q1,10.36,1.4226,0.9871,0.947,86.2862,35.2001
C300079,北京数码视讯科技股份有限公司,41090,Q2,6.95,3.9511,2.7774,2.6521,88.8177,39.7569
C300079,北京数码视讯科技股份有限公司,41182,Q3,7.22,7.3643,5.9369,5.6994,102.1718,43.2848
C300079,北京数码视讯科技股份有限公司,41274,Q4,7.5207,10.59,9.0025,8.6265,103.6923,43.3633
C300079,北京数码视讯科技股份有限公司,41364,Q1,7.6324,1.3,0.7485,0.7261,66.8174,25.3098
C300079,北京数码视讯科技股份有限公司,41455,Q2,7.6235,2.6409,1.7613,1.7268,65.8489,25.4742
C300079,北京数码视讯科技股份有限公司,41547,Q3,7.8405,4.7844,3.2407,3.2021,77.7925,32.6174
C300079,北京数码视讯科技股份有限公司,41639,Q4,7.838,5.1252,3.8613,3.869,51.2164,22.0334
C300079,北京数码视讯科技股份有限公司,41729,Q1,7.9938,1.5284,0.9431,0.919,77.7332,32.6089
C300079,北京数码视讯科技股份有限公司,41820,Q2,4.0362,3.2972,2.2095,2.1473,68.9727,29.8768
C300079,北京数码视讯科技股份有限公司,41912,Q3,4.1775,5.7931,4.2047,4.244,75.8844,33.3008
C300079,北京数码视讯科技股份有限公司,42004,Q4,4.2038,6.2658,4.4993,4.7387,48.6686,22.4882
C300079,北京数码视讯科技股份有限公司,42094,Q1,4.2699,1.5061,1.0011,1.0947,32.7899,16.7385
C300079,北京数码视讯科技股份有限公司,42185,Q2,4.3473,3.6995,2.2734,2.6485,32.799,16.2061
C300079,北京数码视讯科技股份有限公司,42277,Q3,2.1976,4.5103,2.5927,3.0324,26.9692,12.4613
C300079,北京数码视讯科技股份有限公司,42369,Q4,2.3003,6.9057,5.0689,5.7716,26.814,13.1642
C300079,北京数码视讯科技股份有限公司,42460,Q1,2.3311,1.4555,1.2297,1.3774,26.7762,13.4291
C300079,北京数码视讯科技股份有限公司,42551,Q2,2.3939,3.0103,2.4095,2.7688,20.113,11.2816
C300079,北京数码视讯科技股份有限公司,42643,Q3,2.4487,4.2981,3.5873,4.0497,17.8229,9.9863
C300079,北京数码视讯科技股份有限公司,42735,Q4,2.5357,6.5688,5.8381,6.1382,20.8561,12.1151
C300079,北京数码视讯科技股份有限公司,42825,Q1,2.567,1.3776,1.0951,1.2223,23.3568,14.0867
C300079,北京数码视讯科技股份有限公司,42916,Q2,2.5476,1.683,0.9986,1.2512,9.4622,6.6224
C300079,北京数码视讯科技股份有限公司,43008,Q3,2.5894,2.3572,1.2842,1.6234,8.6432,6.2474
C300079,北京数码视讯科技股份有限公司,43100,Q4,2.548,1.0396,0.8617,0.7137,4.893,4.693
C300079,北京数码视讯科技股份有限公司,43190,Q1,2.557,1.4871,1.0366,1.242,23.2555,18.6801
C300079,北京数码视讯科技股份有限公司,43281,Q2,2.5063,1.7346,1.2585,1.4725,9.6969,8.4678
C300079,北京数码视讯科技股份有限公司,43373,Q3,2.5513,2.3002,1.6946,2.0826,9.6621,7.8058
C300079,北京数码视讯科技股份有限公司,43465,Q4,2.5752,2.2841,1.4628,1.7364,6.2559,5.2203
C300079,北京数码视讯科技股份有限公司,43555,Q1,2.5974,1.4354,1.0487,1.1822,22.2392,18.4571
C300139,北京晓程科技股份有限公司,40999,Q1,20.3,1.4529,1.3408,1.2418,36.9082,26.6686
C300139,北京晓程科技股份有限公司,41090,Q2,10.15,4.36,4.0463,3.8931,70.9357,40.6719
C300139,北京晓程科技股份有限公司,41182,Q3,10.39,6.4633,6.8226,6.3283,83.278,44.7054
C300139,北京晓程科技股份有限公司,41274,Q4,10.46,7.2554,6.6986,6.652,49.6743,31.5025
C300139,北京晓程科技股份有限公司,41364,Q1,10.6041,1.5126,1.4435,1.2864,40.2928,28.5303
C300139,北京晓程科技股份有限公司,41455,Q2,10.6313,3.7844,4.0025,3.4259,75.1661,42.4662
C300139,北京晓程科技股份有限公司,41547,Q3,10.8058,5.7752,5.5709,5.0855,90.509,47.2446
C300139,北京晓程科技股份有限公司,41639,Q4,10.7122,5.5711,4.2892,4.4118,38.6655,24.9818
C300139,北京晓程科技股份有限公司,41729,Q1,10.876,1.6128,1.0716,1.046,46.3898,31.4916
C300139,北京晓程科技股份有限公司,41820,Q2,10.9188,2.5959,1.8846,1.8477,63.5369,38.3336
C300139,北京晓程科技股份有限公司,41912,Q3,10.9155,3.6178,2.2549,2.1413,64.2564,38.2959
C300139,北京晓程科技股份有限公司,42004,Q4,11.1015,4.906,2.3478,2.386,39.9993,27.4488
C300139,北京晓程科技股份有限公司,42094,Q1,11.3483,2.4297,2.2284,2.0184,101.6581,58.4609
C300139,北京晓程科技股份有限公司,42185,Q2,4.5252,3.0556,2.1144,2.185,60.1277,39.1895
C300139,北京晓程科技股份有限公司,42277,Q3,4.7023,2.5473,1.0464,1.0864,34.8192,27.0664
C300139,北京晓程科技股份有限公司,42369,Q4,4.6278,2.7583,-0.7934,-0.9487,21.0721,16.5525
C300139,北京晓程科技股份有限公司,42460,Q1,4.6358,0.4653,0.244,0.1372,19.5304,15.7946
C300139,北京晓程科技股份有限公司,42551,Q2,4.6816,0.5694,-1.5172,-0.0619,9.1704,7.2118
C300139,北京晓程科技股份有限公司,42643,Q3,4.7231,1.1318,-1.7993,-0.3376,11.4022,9.5754
C300139,北京晓程科技股份有限公司,42735,Q4,4.7931,2.1309,1.8032,1.5233,17.9074,12.1709
C300139,北京晓程科技股份有限公司,42825,Q1,4.8005,0.5297,0.8671,0.4972,26.1383,17.7625
C300139,北京晓程科技股份有限公司,42916,Q2,4.7915,0.0614,1.0782,0.0665,12.9793,10.8495
C300139,北京晓程科技股份有限公司,43008,Q3,4.5966,-1.9981,0.0975,0.134,-10.569,-11.4303
C300139,北京晓程科技股份有限公司,43100,Q4,4.0573,-17.0958,-10.4642,-14.8179,-86.3051,-117.7835
C300139,北京晓程科技股份有限公司,43190,Q1,3.8902,-2.5386,-0.1262,-0.1583,-35.5923,-40.4338
C300139,北京晓程科技股份有限公司,43281,Q2,4.0856,0.1115,0.5108,1.0984,1.1473,1.1956
C300139,北京晓程科技股份有限公司,43373,Q3,4.2081,1.8952,-1.5494,-2.1573,18.3641,11.1498
C300139,北京晓程科技股份有限公司,43465,Q4,4.158,0.379,1.0793,-1.0604,-3.4442,-1.8952
C300139,北京晓程科技股份有限公司,43555,Q1,4.1231,0.0127,-0.0791,-0.0871,16.8973,13.7949
C300156,神雾环保技术股份有限公司,40999,Q1,9.52,0.9279,0.674,0.6544,31.9057,23.6079
C300156,神雾环保技术股份有限公司,41090,Q2,5.43,4.5431,3.997,4.0295,41.5324,29.5793
C300156,神雾环保技术股份有限公司,41182,Q3,5.52,5.8451,4.6661,4.9278,37.3048,26.6474
C300156,神雾环保技术股份有限公司,41274,Q4,5.52,6.0688,4.6553,5.2384,17.1772,13.9718
C300156,神雾环保技术股份有限公司,41364,Q1,5.5726,0.8921,0.4636,0.4938,20.1276,16.6911
C300156,神雾环保技术股份有限公司,41455,Q2,5.4704,1.785,1.6491,1.7825,19.7855,15.5335
C300156,神雾环保技术股份有限公司,41547,Q3,5.4128,0.7409,1.0425,0.8111,6.812,5.0159
C300156,神雾环保技术股份有限公司,41639,Q4,4.8461,-10.8662,-5.5772,-6.7455,-56.4389,-76.3795
C300156,神雾环保技术股份有限公司,41729,Q1,4.7951,-1.0639,-0.4156,-0.5269,-78.2506,-315.7712
C300156,神雾环保技术股份有限公司,41820,Q2,4.8623,0.3349,0.5885,0.5165,4.5906,5.9607
C300156,神雾环保技术股份有限公司,41912,Q3,4.8902,0.8968,0.9749,1.3807,8.1761,9.5687
C300156,神雾环保技术股份有限公司,42004,Q4,5.0078,2.0988,1.8203,2.405,6.5153,6.2115
C300156,神雾环保技术股份有限公司,42094,Q1,5.0302,0.4452,0.226,0.3676,4.8904,4.4574
C300156,神雾环保技术股份有限公司,42185,Q2,5.1157,2.0724,1.1286,1.8482,8.6209,7.6861
C300156,神雾环保技术股份有限公司,42277,Q3,4.1777,7.3395,5.0613,6.5536,21.1833,18.473
C300156,神雾环保技术股份有限公司,42369,Q4,4.3305,10.3576,7.2128,9.2635,19.8446,16.4303
C300156,神雾环保技术股份有限公司,42460,Q1,4.5735,5.3198,3.0287,4.2456,44.4883,35.5979
C300156,神雾环保技术股份有限公司,42551,Q2,2.0486,12.301,7.7734,10.0669,33.045,24.0215
C300156,神雾环保技术股份有限公司,42643,Q3,2.2448,19.8778,13.4768,17.3598,31.1481,23.2756
C300156,神雾环保技术股份有限公司,42735,Q4,2.4959,27.9959,21.0305,25.7308,34.7132,25.1149
C300156,神雾环保技术股份有限公司,42825,Q1,2.5964,3.8732,2.8849,3.1388,24.3392,19.0621
C300156,神雾环保技术股份有限公司,42916,Q2,2.7956,14.3364,9.1144,11.1954,31.3636,23.265
C300156,神雾环保技术股份有限公司,43008,Q3,2.8547,21.9901,10.4075,13.1842,28.9045,21.7066
C300156,神雾环保技术股份有限公司,43100,Q4,2.7523,12.988,7.7951,10.5598,18.2474,14.1754
C300156,神雾环保技术股份有限公司,43190,Q1,2.6938,-2.171,-0.3733,-0.6193,-48.8746,-91.3847
C300156,神雾环保技术股份有限公司,43281,Q2,2.5893,-6.2942,-1.3854,-2.2363,-79.0359,-199.2712
C300156,神雾环保技术股份有限公司,43373,Q3,2.5075,-9.7597,-2.1514,-3.4416,-115.5988,-263.6222
C300156,神雾环保技术股份有限公司,43465,Q4,1.2733,-116.1568,-20.1918,-37.3086,-439.6213,-2593.8887
C300156,神雾环保技术股份有限公司,43555,Q1,1.2261,-3.847,-0.2024,-0.3741,-79.3591,-358.5695
C300200,北京高盟新材料股份有限公司,40999,Q1,6.85,1.9595,1.7041,1.572,22.5325,17.9729
C300200,北京高盟新材料股份有限公司,41090,Q2,6.73,4.5633,4.1837,3.801,24.1446,17.5816
C300200,北京高盟新材料股份有限公司,41182,Q3,6.87,6.6394,6.1407,5.5571,23.3072,16.0996
C300200,北京高盟新材料股份有限公司,41274,Q4,6.97,7.949,7.3657,6.7839,19.1112,13.8988
C300200,北京高盟新材料股份有限公司,41364,Q1,7.0691,1.3638,1.1846,1.1187,12.1633,10.4881
C300200,北京高盟新材料股份有限公司,41455,Q2,3.3922,3.1199,2.7892,2.5893,13.4734,11.2612
C300200,北京高盟新材料股份有限公司,41547,Q3,3.4647,5.1472,4.9528,4.541,14.7437,12.3919
C300200,北京高盟新材料股份有限公司,41639,Q4,3.5193,6.6181,6.1023,5.7027,13.3083,11.3553
C300200,北京高盟新材料股份有限公司,41729,Q1,3.5646,1.272,1.1621,1.0774,11.0059,9.7575
C300200,北京高盟新材料股份有限公司,41820,Q2,3.4299,3.2258,3.3427,2.8255,13.7768,11.8308
C300200,北京高盟新材料股份有限公司,41912,Q3,3.4811,4.648,4.6042,4.0764,12.8371,11.1013
C300200,北京高盟新材料股份有限公司,42004,Q4,3.5482,6.4527,6.0783,5.7029,12.5432,10.8579
C300200,北京高盟新材料股份有限公司,42094,Q1,3.6015,1.4804,1.4851,1.3421,14.2934,12.1691
C300200,北京高盟新材料股份有限公司,42185,Q2,3.4758,3.6718,3.7655,3.4,16.5965,13.7444
C300200,北京高盟新材料股份有限公司,42277,Q3,3.5465,5.5914,5.4501,4.9077,17.0611,14.2793
C300200,北京高盟新材料股份有限公司,42369,Q4,3.5989,6.9642,6.7855,6.1305,15.5736,13.0038
C300200,北京高盟新材料股份有限公司,42460,Q1,3.6793,2.1874,2.4304,2.1521,22.5392,17.6912
C300200,北京高盟新材料股份有限公司,42551,Q2,3.5725,4.8619,4.968,4.505,23.682,18.3782
C300200,北京高盟新材料股份有限公司,42643,Q3,3.6416,6.6653,6.8457,6.3585,20.297,16.0376
C300200,北京高盟新材料股份有限公司,42735,Q4,3.665,7.2624,6.9918,6.5615,14.7845,12.1176
C300200,北京高盟新材料股份有限公司,42825,Q1,3.6867,0.5893,0.6826,0.6445,3.9795,3.5218
C300200,北京高盟新材料股份有限公司,42916,Q2,5.4853,1.2306,1.5107,1.6476,7.0838,6.0462
C300200,北京高盟新材料股份有限公司,43008,Q3,5.6015,3.2798,4.859,4.5198,11.1965,9.6252
C300200,北京高盟新材料股份有限公司,43100,Q4,5.584,2.9766,4.0398,3.7704,6.7931,5.8501
C300200,北京高盟新材料股份有限公司,43190,Q1,5.6675,1.474,1.8799,1.6911,12.6867,10.9959
C300200,北京高盟新材料股份有限公司,43281,Q2,5.528,2.6054,2.9863,2.5756,11.7351,9.9836
C300200,北京高盟新材料股份有限公司,43373,Q3,5.6395,4.5306,5.0671,4.4098,14.3229,11.3961
C300200,北京高盟新材料股份有限公司,43465,Q4,5.8196,5.5166,6.115,5.5596,13.0963,10.6219
C300200,北京高盟新材料股份有限公司,43555,Q1,5.8534,2.6715,3.0091,2.7558,27.1056,20.6905
C300204,舒泰神(北京)生物制药股份有限公司,40999,Q1,17.1,3.2472,2.9684,2.6728,177.9847,62.28
C300204,舒泰神(北京)生物制药股份有限公司,41090,Q2,8.7,7.81,7.8043,6.873,174.897,61.8945
C300204,舒泰神(北京)生物制药股份有限公司,41182,Q3,8.96,10.4816,10.5018,9.2933,81.7321,43.7904
C300204,舒泰神(北京)生物制药股份有限公司,41274,Q4,9.3,12.914,12.8583,11.691,55.442,34.8193
C300204,舒泰神(北京)生物制药股份有限公司,41364,Q1,9.6607,3.7186,3.6366,3.4006,46.7064,31.3671
C300204,舒泰神(北京)生物制药股份有限公司,41455,Q2,5.347,7.5112,7.1173,6.9911,37.2967,26.6349
C300204,舒泰神(北京)生物制药股份有限公司,41547,Q3,5.4233,8.8151,8.2343,8.0174,26.5296,19.6948
C300204,舒泰神(北京)生物制药股份有限公司,41639,Q4,5.4723,8.3389,7.4152,7.2121,17.3359,13.9455
C300204,舒泰神(北京)生物制药股份有限公司,41729,Q1,5.6211,2.6354,2.3556,2.3562,23.4659,19.5212
C300204,舒泰神(北京)生物制药股份有限公司,41820,Q2,5.7455,4.3793,3.872,3.8731,16.6269,14.0608
C300204,舒泰神(北京)生物制药股份有限公司,41912,Q3,6.0085,8.5652,7.9808,8.0161,22.4283,18.1769
C300204,舒泰神(北京)生物制药股份有限公司,42004,Q4,6.3068,12.895,12.5072,12.5348,25.8388,18.6267
C300204,舒泰神(北京)生物制药股份有限公司,42094,Q1,6.5172,3.2234,3.1636,2.9768,36.809,27.1187
C300204,舒泰神(北京)生物制药股份有限公司,42185,Q2,4.6156,7.0438,6.6227,6.5347,30.2017,23.4151
C300204,舒泰神(北京)生物制药股份有限公司,42277,Q3,4.8199,10.6839,10.0961,10.197,29.3469,22.855
C300204,舒泰神(北京)生物制药股份有限公司,42369,Q4,4.9065,12.6751,11.537,12.1397,24.4325,19.0704
C300204,舒泰神(北京)生物制药股份有限公司,42460,Q1,5.0545,3.1947,3.1836,3.0927,33.0443,25.0431
C300204,舒泰神(北京)生物制药股份有限公司,42551,Q2,3.616,6.8773,6.5073,6.6487,29.3299,22.8226
C300204,舒泰神(北京)生物制药股份有限公司,42643,Q3,3.797,11.2336,10.6154,11.2518,29.7964,23.1625
C300204,舒泰神(北京)生物制药股份有限公司,42735,Q4,3.9747,13.5253,13.0708,13.9366,26.277,21.0376
C300204,舒泰神(北京)生物制药股份有限公司,42825,Q1,4.1244,3.448,3.1904,3.4409,29.4524,23.3222
C300204,舒泰神(北京)生物制药股份有限公司,42916,Q2,4.0972,7.2769,6.7037,7.1847,28.4917,22.7764
C300204,舒泰神(北京)生物制药股份有限公司,43008,Q3,4.1398,11.3162,10.5255,11.2305,30.1725,23.777
C300204,舒泰神(北京)生物制药股份有限公司,43100,Q4,4.6239,11.905,11.8661,12.3517,27.0021,21.8097
C300204,舒泰神(北京)生物制药股份有限公司,43190,Q1,4.4604,2.6078,2.4729,2.492,30.5547,24.2893
C300204,舒泰神(北京)生物制药股份有限公司,43281,Q2,4.9312,4.1163,4.1776,4.1196,32.6234,25.9748
C300204,舒泰神(北京)生物制药股份有限公司,43373,Q3,5.0856,4.9011,5.1379,4.9786,31.3969,22.5745
C300204,舒泰神(北京)生物制药股份有限公司,43465,Q4,5.1559,5.4543,5.3844,5.5243,25.533,18.5734
C300204,舒泰神(北京)生物制药股份有限公司,43555,Q1,5.1344,1.1412,1.1946,1.1063,29.789,19.8613
C300213,北京佳讯飞鸿电气股份有限公司,40999,Q1,8.08,-1.3398,-1.4799,-1.5839,-17.0213,-27.232
C300213,北京佳讯飞鸿电气股份有限公司,41090,Q2,5.48,1.35,0.5559,0.6008,7.3413,3.7154
C300213,北京佳讯飞鸿电气股份有限公司,41182,Q3,5.51,1.785,0.912,1.0053,5.6905,1.6905
C300213,北京佳讯飞鸿电气股份有限公司,41274,Q4,5.6,2.5472,1.5442,1.678,5.5609,1.2673
C300213,北京佳讯飞鸿电气股份有限公司,41364,Q1,5.5933,-0.216,-0.3678,-0.3162,-2.4705,-5.5686
C300213,北京佳讯飞鸿电气股份有限公司,41455,Q2,5.6378,1.5476,1.3624,1.5776,8.9002,4.9708
C300213,北京佳讯飞鸿电气股份有限公司,41547,Q3,5.7605,3.5806,3.0948,3.6706,9.6353,6.004
C300213,北京佳讯飞鸿电气股份有限公司,41639,Q4,5.8781,5.7464,5.1608,6.2409,13.0843,7.2547
C300213,北京佳讯飞鸿电气股份有限公司,41729,Q1,5.9025,0.5315,0.4146,0.5468,3.8699,1.3817
C300213,北京佳讯飞鸿电气股份有限公司,41820,Q2,3.0023,3.0567,2.6353,3.3895,11.4743,8.1305
C300213,北京佳讯飞鸿电气股份有限公司,41912,Q3,3.1105,6.4037,5.621,7.0588,12.0502,8.9321
C300213,北京佳讯飞鸿电气股份有限公司,42004,Q4,3.5158,7.583,7.4874,9.4004,13.6777,10.3364
C300213,北京佳讯飞鸿电气股份有限公司,42094,Q1,3.5319,0.4554,0.2748,0.4655,2.2611,-0.7434
C300213,北京佳讯飞鸿电气股份有限公司,42185,Q2,3.535,3.3712,2.3673,3.411,8.4386,4.978
C300213,北京佳讯飞鸿电气股份有限公司,42277,Q3,3.636,6.0534,4.5417,6.0643,10.4906,7.2141
C300213,北京佳讯飞鸿电气股份有限公司,42369,Q4,3.4219,9.2847,7.2232,9.4226,11.4191,6.7283
C300213,北京佳讯飞鸿电气股份有限公司,42460,Q1,3.3809,0.5916,0.4197,0.6066,2.6512,-0.0285
C300213,北京佳讯飞鸿电气股份有限公司,42551,Q2,3.4239,4.7648,2.9796,3.8562,10.0183,7.0123
C300213,北京佳讯飞鸿电气股份有限公司,42643,Q3,3.5415,7.9287,4.9745,6.5572,11.7987,8.2191
C300213,北京佳讯飞鸿电气股份有限公司,42735,Q4,5.6167,6.395,6.5115,7.5612,13.1417,8.5155
C300213,北京佳讯飞鸿电气股份有限公司,42825,Q1,5.6374,0.3666,0.2583,0.3737,2.8138,-2.0584
C300213,北京佳讯飞鸿电气股份有限公司,42916,Q2,2.8157,2.0373,1.4658,1.7219,11.1788,5.3023
C300213,北京佳讯飞鸿电气股份有限公司,43008,Q3,3.1465,3.1168,2.7893,2.9626,13.9577,9.3415
C300213,北京佳讯飞鸿电气股份有限公司,43100,Q4,3.2438,6.0219,5.2998,5.9526,13.7016,11.4595
C300213,北京佳讯飞鸿电气股份有限公司,43190,Q1,3.2651,0.6472,0.5787,0.6459,6.5029,4.2649
C300213,北京佳讯飞鸿电气股份有限公司,43281,Q2,3.1693,2.645,1.9495,2.1122,13.3045,11.297
C300213,北京佳讯飞鸿电气股份有限公司,43373,Q3,3.1866,3.5553,3.0756,3.0965,15.9657,12.2198
C300213,北京佳讯飞鸿电气股份有限公司,43465,Q4,3.2669,6.6943,4.9259,5.7049,14.32,11.1495
C300213,北京佳讯飞鸿电气股份有限公司,43555,Q1,3.2435,0.3735,0.3899,0.3104,5.3604,1.774
C300223,北京君正集成电路股份有限公司,40999,Q1,13.71,1.2266,0.5103,0.5176,63.6181,16.7685
C300223,北京君正集成电路股份有限公司,41090,Q2,10.19,2.2894,0.9912,1.0021,52.2766,8.3334
C300223,北京君正集成电路股份有限公司,41182,Q3,10.35,3.7583,1.9841,1.8719,60.5862,14.6252
C300223,北京君正集成电路股份有限公司,41274,Q4,10.42,4.4182,2.0663,1.9288,52.1796,3.96
C300223,北京君正集成电路股份有限公司,41364,Q1,10.48,0.54,0.0209,0.0159,51.4168,26.2649
C300223,北京君正集成电路股份有限公司,41455,Q2,10.2199,0.9944,-0.1937,-0.1568,37.378,16.6786
C300223,北京君正集成电路股份有限公司,41547,Q3,10.3153,1.903,0.2801,0.2308,41.6261,20.416
C300223,北京君正集成电路股份有限公司,41639,Q4,10.3641,2.3722,0.0498,0.0453,34.1706,12.1616
C300223,北京君正集成电路股份有限公司,41729,Q1,10.3654,0.0121,-0.3926,-0.0295,2.683,-9.3115
C300223,北京君正集成电路股份有限公司,41820,Q2,10.2454,-0.1807,-1.1466,-1.5436,-4.955,-18.1513
C300223,北京君正集成电路股份有限公司,41912,Q3,10.2515,-0.1212,-1.5096,-2.746,-1.586,-14.4774
C300223,北京君正集成电路股份有限公司,42004,Q4,10.1675,-0.9485,-3.361,-2.6692,-18.0766,-31.3175
C300223,北京君正集成电路股份有限公司,42094,Q1,10.1444,-0.2269,-0.7046,-0.856,-11.2541,-25.1923
C300223,北京君正集成电路股份有限公司,42185,Q2,6.3572,0.0405,-1.0356,-0.6251,3.2902,-6.9982
C300223,北京君正集成电路股份有限公司,42277,Q3,6.5874,3.5325,2.4657,2.381,69.9531,-5.9183
C300223,北京君正集成电路股份有限公司,42369,Q4,6.5473,2.9417,2.3076,2.0377,39.4927,-18.3338
C300223,北京君正集成电路股份有限公司,42460,Q1,6.5272,-0.3081,-0.2589,-0.3515,-9.7306,-34.0607
C300223,北京君正集成电路股份有限公司,42551,Q2,6.536,0.2833,0.3216,0.2414,7.8264,-8.1492
C300223,北京君正集成电路股份有限公司,42643,Q3,6.5665,0.7454,0.9849,0.6931,14.4874,1.6584
C300223,北京君正集成电路股份有限公司,42735,Q4,6.5961,0.6425,0.883,0.5754,8.1071,-5.139
C300223,北京君正集成电路股份有限公司,42825,Q1,6.6084,0.1865,0.2567,0.1803,8.1955,1.2111
C300223,北京君正集成电路股份有限公司,42916,Q2,6.6225,0.3431,0.4605,0.3301,6.4845,0.7564
C300223,北京君正集成电路股份有限公司,43008,Q3,6.6954,0.6155,0.8346,0.6174,7.2005,1.7774
C300223,北京君正集成电路股份有限公司,43100,Q4,6.7336,0.578,0.5753,0.5639,3.3026,3.6433
C300223,北京君正集成电路股份有限公司,43190,Q1,6.7535,0.2631,0.2945,0.2673,7.7128,8.3926
C300223,北京君正集成电路股份有限公司,43281,Q2,5.6715,1.0424,1.1711,1.0343,12.7758,13.4724
C300223,北京君正集成电路股份有限公司,43373,Q3,5.7167,1.8128,2.0189,1.7907,19.767,15.0688
C300223,北京君正集成电路股份有限公司,43465,Q4,5.6907,1.1836,1.1018,1.1196,7.024,6.014
C300223,北京君正集成电路股份有限公司,43555,Q1,5.779,0.2109,0.1674,0.16,7.1558,5.4829
C300282,三盛智慧教育科技股份有限公司,40999,Q1,6.4,1.5429,1.4133,1.2327,29.0301,16.6851
C300282,三盛智慧教育科技股份有限公司,41090,Q2,5.29,2.9975,2.7077,2.3972,19.0762,13.5079
C300282,三盛智慧教育科技股份有限公司,41182,Q3,5.31,3.3182,2.7242,2.3558,12.289,9.0277
C300282,三盛智慧教育科技股份有限公司,41274,Q4,5.35,4.1669,2.994,2.7511,11.0266,7.4313
C300282,三盛智慧教育科技股份有限公司,41364,Q1,5.3574,0.08,-0.2636,-0.2328,1.2305,0.8462
C300282,三盛智慧教育科技股份有限公司,41455,Q2,4.0622,0.2041,-0.5441,-0.4796,1.466,-7.3593
C300282,三盛智慧教育科技股份有限公司,41547,Q3,3.9906,-1.5966,-2.2979,-2.6873,-5.0132,-11.4764
C300282,三盛智慧教育科技股份有限公司,41639,Q4,3.9324,-3.1342,-3.356,-4.6513,-5.2644,-12.362
C300282,三盛智慧教育科技股份有限公司,41729,Q1,3.865,-1.8018,-1.2508,-1.7473,-6.7552,-8.9398
C300282,三盛智慧教育科技股份有限公司,41820,Q2,3.8777,-1.3975,-0.6397,-200.8945,-0.0066,-1.1365
C300282,三盛智慧教育科技股份有限公司,41912,Q3,10.5713,0.6357,1.6772,1.7185,5.7432,5.4
C300282,三盛智慧教育科技股份有限公司,42004,Q4,10.5917,0.8282,2.8063,2.6912,4.1298,3.9928
C300282,三盛智慧教育科技股份有限公司,42094,Q1,10.6775,0.8001,0.8939,1.1029,4.8915,4.223
C300282,三盛智慧教育科技股份有限公司,42185,Q2,10.7725,1.8789,2.1792,2.5482,6.6056,6.0086
C300282,三盛智慧教育科技股份有限公司,42277,Q3,5.6045,5.287,5.1022,6.3407,9.7215,8.7331
C300282,三盛智慧教育科技股份有限公司,42369,Q4,5.3763,-9.0384,-2.6991,-5.2826,-4.3737,-4.2867
C300282,三盛智慧教育科技股份有限公司,42460,Q1,5.4578,1.4833,1.4193,1.7861,10.0481,8.9553
C300282,三盛智慧教育科技股份有限公司,42551,Q2,5.6087,3.2947,3.2458,4.0727,11.2627,9.7598
C300282,三盛智慧教育科技股份有限公司,42643,Q3,5.8353,7.0456,6.3798,8.2129,12.6055,10.6663
C300282,三盛智慧教育科技股份有限公司,42735,Q4,8.5633,6.657,7.3733,9.6983,12.473,10.4195
C300282,三盛智慧教育科技股份有限公司,42825,Q1,10.0477,0.8382,0.9286,1.0974,7.9913,6.841
C300282,三盛智慧教育科技股份有限公司,42916,Q2,9.5931,2.1674,2.3161,2.6401,9.6859,8.4068
C300282,三盛智慧教育科技股份有限公司,43008,Q3,9.7117,3.3631,3.7807,4.3429,9.4703,8.0011
C300282,三盛智慧教育科技股份有限公司,43100,Q4,9.4765,0.9421,2.1138,1.5694,4.9463,4.0126
C300282,三盛智慧教育科技股份有限公司,43190,Q1,9.5477,0.746,0.7868,0.7213,20.2382,17.0251
C300282,三盛智慧教育科技股份有限公司,43281,Q2,9.7079,2.4936,1.9493,1.8294,28.5414,21.6112
C300282,三盛智慧教育科技股份有限公司,43373,Q3,9.8073,3.4817,2.5611,2.3734,25.521,18.9655
C300282,三盛智慧教育科技股份有限公司,43465,Q4,9.9241,4.5955,4.4919,4.2186,21.4858,16.5558
C300282,三盛智慧教育科技股份有限公司,43555,Q1,10.0035,0.7934,0.7232,0.6837,23.0839,12.0452
C600031,三一重工股份有限公司,40999,Q1,2.96,12.4819,6.27,7.2325,31.4195,23.2443
C600031,三一重工股份有限公司,41090,Q2,2.94,23.1414,11.5536,13.6986,25.1185,18.7905
C600031,三一重工股份有限公司,41182,Q3,3.03,25.5035,14.3312,16.4269,21.1509,16.4109
C600031,三一重工股份有限公司,41274,Q4,3.0314,24.7013,14.1818,16.9463,16.9211,13.0201
C600031,三一重工股份有限公司,41364,Q1,3.24,6.3795,3.2613,3.9307,20.7991,15.3566
C600031,三一重工股份有限公司,41455,Q2,3.1193,11.158,5.6745,6.8685,17.9185,13.8957
C600031,三一重工股份有限公司,41547,Q3,3.1526,12.3993,6.283,7.4697,14.1159,10.7243
C600031,三一重工股份有限公司,41639,Q4,3.1363,12.1552,6.7377,8.2075,10.188,7.3607
C600031,三一重工股份有限公司,41729,Q1,3.2443,3.3474,2.1766,2.5235,11.09,9.2929
C600031,三一重工股份有限公司,41820,Q2,3.2937,5.4591,3.2799,3.9211,9.2617,7.2656
C600031,三一重工股份有限公司,41912,Q3,3.3102,6.3157,4.288,5.0007,7.8008,6.0775
C600031,三一重工股份有限公司,42004,Q4,3.1229,2.9817,3.0272,3.0646,3.3768,2.3627
C600031,三一重工股份有限公司,42094,Q1,3.0672,0.1352,0.7651,0.8347,0.8399,-0.2356
C600031,三一重工股份有限公司,42185,Q2,3.0829,1.4259,1.52,1.6285,3.3992,2.6025
C600031,三一重工股份有限公司,42277,Q3,2.9778,0.1696,1.9699,2.1699,0.3923,-0.7783
C600031,三一重工股份有限公司,42369,Q4,2.9765,0.6113,1.5648,2.2733,0.5249,0.7298
C600031,三一重工股份有限公司,42460,Q1,3.11,0.3806,1.1275,1.2713,2.0119,0.9251
C600031,三一重工股份有限公司,42551,Q2,2.9548,0.59,1.1541,1.1912,1.706,1.5102
C600031,三一重工股份有限公司,42643,Q3,2.9543,0.7474,2.2771,2.4098,1.5339,1.6225
C600031,三一重工股份有限公司,42735,Q4,2.9317,0.8956,1.5984,5.2752,0.2794,5.1354
C600031,三一重工股份有限公司,42825,Q1,3.0236,3.1652,2.1266,2.3885,11.7941,10.1035
C600031,三一重工股份有限公司,42916,Q2,3.1065,4.7951,3.192,3.4677,9.2046,8.3608
C600031,三一重工股份有限公司,43008,Q3,3.2045,7.2401,5.8944,6.3337,9.7273,8.5236
C600031,三一重工股份有限公司,43100,Q4,3.2735,8.2057,5.7532,6.2391,8.3178,7.5023
C600031,三一重工股份有限公司,43190,Q1,3.4995,5.4871,3.7011,4.8023,17.6038,15.1323
C600031,三一重工股份有限公司,43281,Q2,3.5676,12.1119,6.9688,8.9991,18.1968,15.4387
C600031,三一重工股份有限公司,43373,Q3,3.8401,16.1161,9.742,12.3537,18.5438,15.7048
C600031,三一重工股份有限公司,43465,Q4,3.9889,19.4261,11.7719,15.423,16.6466,14.1136
C600031,三一重工股份有限公司,43555,Q1,4.6261,8.3132,5.2067,7.0666,23.7091,18.7934